,playerid,web_name,element_type,now_cost,team,expected_goals.gw,expected_assists.gw,expected_goal_involvements.gw,expected_goals_conceded.gw,XGI_Weighted,XGC_Weighted,AttackOpp_pergame,DefenceOpp_pergame
0,1.0,Fábio Vieira,3.0,54.0,1.0,0.0,0.0,0.0,0.0,0.6103052267244654,2.288399657573882,0.0,0.0
1,2.0,G.Jesus,4.0,67.0,1.0,0.40599999999999997,0.076,0.48200000000000004,0.6759999999999999,0.6103052267244654,2.288399657573882,1.1030086349506112,0.41256633326573855
2,3.0,Gabriel,2.0,64.0,1.0,0.138,0.078,0.21600000000000003,0.868,0.6103052267244654,2.288399657573882,0.49429432603595863,0.5297449367968359
3,4.0,Havertz,4.0,78.0,1.0,0.472,0.019999999999999997,0.49200000000000005,0.4940000000000001,0.6103052267244654,2.288399657573882,1.12589263152635,0.30149078200188595
4,6.0,J.Timber,2.0,57.0,1.0,0.008,0.042,0.05,0.556,0.6103052267244654,2.288399657573882,0.11441998287869412,0.33932970605880275
5,7.0,Jorginho,3.0,47.0,1.0,0.0,0.032,0.032,0.27,0.6103052267244654,2.288399657573882,0.07322878904236424,0.16478241121560563
6,9.0,Martinelli,3.0,67.0,1.0,0.22000000000000003,0.156,0.376,0.674,0.6103052267244654,2.288399657573882,0.8604382712477797,0.41134572281228965
7,10.0,Nelson,3.0,50.0,9.0,0.0,0.0,0.0,0.0,0.6559235087265823,2.1360730152468235,0.0,0.0
8,11.0,Nketiah,4.0,59.0,7.0,0.014000000000000002,0.0,0.014000000000000002,0.08,0.635662905468144,2.1737896933174117,0.03043305570644377,0.05085303243745152
9,12.0,Nwaneri,3.0,45.0,1.0,0.030000000000000006,0.041999999999999996,0.072,0.176,0.6103052267244654,2.288399657573882,0.16476477534531953,0.1074137199035059
10,13.0,Ødegaard,3.0,83.0,1.0,0.15,0.22599999999999998,0.376,0.5980000000000001,0.6103052267244654,2.288399657573882,0.8604382712477797,0.3649625255812303
11,14.0,Ramsdale,1.0,44.0,17.0,0.0,0.002,0.002,2.508,0.6324319921567215,2.079563480980941,0.0041591269619618825,1.5861394363290575
12,15.0,Raya,1.0,56.0,1.0,0.0,0.0,0.0,0.868,0.6103052267244654,2.288399657573882,0.0,0.5297449367968359
13,16.0,Rice,3.0,62.0,1.0,0.088,0.19,0.27799999999999997,0.45999999999999996,0.6103052267244654,2.288399657573882,0.6361751048055392,0.28074040429325403
14,17.0,Saka,3.0,102.0,1.0,0.0,0.0,0.0,0.148,0.6103052267244654,2.288399657573882,0.0,0.09032517355522086
15,18.0,Saliba,2.0,63.0,1.0,0.0,0.028000000000000004,0.028000000000000004,0.868,0.6103052267244654,2.288399657573882,0.06407519041206872,0.5297449367968359
16,19.0,Smith Rowe,3.0,52.0,9.0,0.046,0.01,0.05600000000000001,0.394,0.6559235087265823,2.1360730152468235,0.11962008885382212,0.25843386243827343
17,20.0,Thomas,3.0,50.0,1.0,0.052000000000000005,0.062,0.11399999999999999,0.8640000000000001,0.6103052267244654,2.288399657573882,0.2608775609634226,0.5273037158899382
18,23.0,Trossard,3.0,68.0,1.0,0.10600000000000001,0.144,0.25,0.618,0.6103052267244654,2.288399657573882,0.5720999143934705,0.37716863011571955
19,27.0,Archer,4.0,50.0,17.0,0.006,0.002,0.008,0.786,0.6324319921567215,2.079563480980941,0.01663650784784753,0.49709154583518317
20,28.0,Bailey,3.0,62.0,2.0,0.13599999999999998,0.074,0.21000000000000002,0.262,0.6622516186001824,2.1946698367804705,0.46088066572389885,0.1735099240732478
21,29.0,Barkley,3.0,52.0,2.0,0.03,0.008,0.038,0.196,0.6622516186001824,2.1946698367804705,0.08339745379765788,0.12980131724563576
22,30.0,Barrenechea,3.0,49.0,2.0,0.0,0.0,0.0,0.0,0.6622516186001824,2.1946698367804705,0.0,0.0
23,31.0,Buendia,3.0,51.0,2.0,0.10800000000000001,0.0,0.10800000000000001,0.178,0.6622516186001824,2.1946698367804705,0.23702434237229084,0.11788078811083247
24,32.0,Cash,2.0,44.0,2.0,0.028000000000000004,0.032,0.06,1.014,0.6622516186001824,2.1946698367804705,0.13168019020682822,0.671523141260585
25,33.0,Dendoncker,3.0,45.0,2.0,0.0,0.0,0.0,0.0,0.6622516186001824,2.1946698367804705,0.0,0.0
26,34.0,Diaby,3.0,65.0,2.0,0.0,0.0,0.0,0.0,0.6622516186001824,2.1946698367804705,0.0,0.0
27,36.0,Digne,2.0,46.0,2.0,0.028000000000000004,0.11000000000000001,0.13799999999999998,1.234,0.6622516186001824,2.1946698367804705,0.3028644374757049,0.8172184973526251
28,37.0,Dobbin,3.0,50.0,2.0,0.0,0.0,0.0,0.0,0.6622516186001824,2.1946698367804705,0.0,0.0
29,38.0,Duran,4.0,58.0,2.0,0.188,0.0,0.188,0.18,0.6622516186001824,2.1946698367804705,0.4125979293147285,0.11920529134803284
30,41.0,Iling Jr,3.0,54.0,2.0,0.0,0.0,0.0,0.0,0.6622516186001824,2.1946698367804705,0.0,0.0
31,42.0,Kamara,3.0,50.0,2.0,0.026000000000000002,0.032,0.05800000000000001,1.1800000000000002,0.6622516186001824,2.1946698367804705,0.1272908505332673,0.7814569099482154
32,44.0,Konsa,2.0,44.0,2.0,0.0,0.008,0.008,1.294,0.6622516186001824,2.1946698367804705,0.017557358694243765,0.8569535944686361
33,47.0,Martinez,1.0,50.0,2.0,0.0,0.0,0.0,1.294,0.6622516186001824,2.1946698367804705,0.0,0.8569535944686361
34,48.0,McGinn,3.0,52.0,2.0,0.0,0.066,0.066,0.93,0.6622516186001824,2.1946698367804705,0.14484820922751107,0.6158940052981696
35,53.0,Ramsey,3.0,54.0,2.0,0.064,0.06000000000000001,0.12400000000000003,0.348,0.6622516186001824,2.1946698367804705,0.2721390597607784,0.23046356327286346
36,54.0,Rogers,3.0,55.0,2.0,0.10400000000000001,0.092,0.196,1.098,0.6622516186001824,2.1946698367804705,0.43015528800897224,0.7271522772230004
37,57.0,Tielemans,3.0,55.0,2.0,0.08,0.088,0.16799999999999998,0.842,0.6622516186001824,2.1946698367804705,0.368704532579119,0.5576158628613536
38,58.0,Watkins,4.0,89.0,2.0,0.41400000000000003,0.054000000000000006,0.46799999999999997,1.012,0.6622516186001824,2.1946698367804705,1.0271054836132603,0.6701986380233846
39,60.0,Adams,3.0,49.0,3.0,0.0,0.008,0.008,0.9359999999999999,0.6352273483713935,2.2140670829351765,0.01771253666348141,0.5945727980756244
40,61.0,Anthony,3.0,45.0,3.0,0.0,0.0,0.0,0.0,0.6352273483713935,2.2140670829351765,0.0,0.0
41,62.0,Brooks,3.0,49.0,3.0,0.12,0.038,0.158,0.666,0.6352273483713935,2.2140670829351765,0.34982259910375785,0.42306141401534814
42,63.0,Christie,3.0,49.0,3.0,0.02,0.06,0.08,1.406,0.6352273483713935,2.2140670829351765,0.1771253666348141,0.8931296518101792
43,64.0,Cook,3.0,50.0,3.0,0.008,0.142,0.15,1.204,0.6352273483713935,2.2140670829351765,0.33211006244027647,0.7648137274391578
44,65.0,Enes Ünal,4.0,54.0,3.0,0.10800000000000001,0.024,0.132,0.29,0.6352273483713935,2.2140670829351765,0.2922568549474433,0.18421593102770412
45,66.0,Faivre,3.0,50.0,3.0,0.0,0.0,0.0,0.0,0.6352273483713935,2.2140670829351765,0.0,0.0
46,67.0,H.Traorè,3.0,45.0,3.0,0.0,0.0,0.0,0.0,0.6352273483713935,2.2140670829351765,0.0,0.0
47,69.0,Jebbison,4.0,45.0,3.0,0.0,0.02,0.02,0.04,0.6352273483713935,2.2140670829351765,0.044281341658703524,0.025409093934855742
48,70.0,Kerkez,2.0,48.0,3.0,0.026000000000000002,0.06,0.086,1.406,0.6352273483713935,2.2140670829351765,0.19040976913242516,0.8931296518101792
49,71.0,Kluivert,3.0,55.0,3.0,0.48600000000000004,0.036,0.522,0.866,0.6352273483713935,2.2140670829351765,1.1557430172921621,0.5501068836896268
50,74.0,O.Dango,3.0,50.0,3.0,0.21600000000000003,0.154,0.37,1.286,0.6352273483713935,2.2140670829351765,0.8192048206860152,0.816902370005612
51,76.0,Philip,3.0,48.0,3.0,0.044,0.014000000000000002,0.05800000000000001,0.318,0.6352273483713935,2.2140670829351765,0.12841589081024027,0.20200229678210316
52,77.0,Scott,3.0,47.0,3.0,0.0,0.0,0.0,0.0,0.6352273483713935,2.2140670829351765,0.0,0.0
53,78.0,Semenyo,3.0,56.0,3.0,0.27999999999999997,0.072,0.352,1.3199999999999998,0.6352273483713935,2.2140670829351765,0.7793516131931821,0.8385000998502393
54,80.0,Sinisterra,3.0,48.0,3.0,0.0,0.0,0.0,0.0,0.6352273483713935,2.2140670829351765,0.0,0.0
55,82.0,Solanke,4.0,75.0,18.0,0.292,0.076,0.368,2.084,0.5835464461025043,2.2969066860675293,0.8452616604728508,1.216110793677619
56,83.0,Tavernier,3.0,54.0,3.0,0.0,0.0,0.0,0.0,0.6352273483713935,2.2140670829351765,0.0,0.0
57,85.0,Zabarnyi,2.0,44.0,3.0,0.054000000000000006,0.038,0.092,1.406,0.6352273483713935,2.2140670829351765,0.20369417163003622,0.8931296518101792
58,87.0,Brierley,3.0,44.0,4.0,0.0,0.0,0.0,0.0,0.612377498067347,2.1146672650402354,0.0,0.0
59,88.0,Collins,2.0,46.0,4.0,0.044,0.012,0.05600000000000001,1.326,0.612377498067347,2.1146672650402354,0.11842136684225321,0.8120125624373022
60,89.0,Damsgaard,3.0,50.0,4.0,0.084,0.184,0.268,1.326,0.612377498067347,2.1146672650402354,0.5667308270307831,0.8120125624373022
61,90.0,Dasilva,3.0,48.0,4.0,0.0,0.0,0.0,0.0,0.612377498067347,2.1146672650402354,0.0,0.0
62,91.0,Flekken,1.0,44.0,4.0,0.0,0.002,0.002,1.2,0.612377498067347,2.1146672650402354,0.004229334530080471,0.7348529976808164
63,94.0,Janelt,3.0,49.0,4.0,0.014000000000000002,0.057999999999999996,0.072,1.17,0.612377498067347,2.1146672650402354,0.15225604308289695,0.7164816727387959
64,95.0,Jensen,3.0,53.0,4.0,0.0,0.1,0.1,0.36,0.612377498067347,2.1146672650402354,0.21146672650402354,0.22045589930424492
65,97.0,Konak,3.0,45.0,4.0,0.0,0.0,0.0,0.0,0.612377498067347,2.1146672650402354,0.0,0.0
66,98.0,Lewis-Potter,3.0,50.0,4.0,0.236,0.22400000000000003,0.45999999999999996,1.326,0.612377498067347,2.1146672650402354,0.9727469419185082,0.8120125624373022
67,99.0,Mbeumo,3.0,78.0,4.0,0.352,0.29,0.642,1.326,0.612377498067347,2.1146672650402354,1.357616384155831,0.8120125624373022
68,101.0,Nørgaard,3.0,48.0,4.0,0.11000000000000001,0.033999999999999996,0.144,1.262,0.612377498067347,2.1146672650402354,0.3045120861657939,0.7728204025609919
69,102.0,Onyeka,3.0,49.0,4.0,0.0,0.0,0.0,0.0,0.612377498067347,2.1146672650402354,0.0,0.0
70,103.0,Peart-Harris,3.0,45.0,4.0,0.0,0.0,0.0,0.0,0.612377498067347,2.1146672650402354,0.0,0.0
71,105.0,Roerslev,2.0,43.0,4.0,0.032,0.126,0.158,1.116,0.612377498067347,2.1146672650402354,0.3341174278763572,0.6834132878431594
72,106.0,Schade,3.0,51.0,4.0,0.128,0.034,0.162,0.622,0.612377498067347,2.1146672650402354,0.34257609693651814,0.3808988037978898
73,107.0,Thiago,4.0,59.0,4.0,0.0,0.0,0.0,0.0,0.612377498067347,2.1146672650402354,0.0,0.0
74,108.0,Toney,4.0,73.0,4.0,0.0,0.0,0.0,0.0,0.612377498067347,2.1146672650402354,0.0,0.0
75,110.0,Wissa,4.0,62.0,4.0,0.712,0.042,0.754,1.326,0.612377498067347,2.1146672650402354,1.5944591178403373,0.8120125624373022
76,111.0,Yarmoliuk,3.0,44.0,4.0,0.016,0.012,0.028000000000000004,0.538,0.612377498067347,2.1146672650402354,0.059210683421126606,0.3294590939602327
77,113.0,Adingra,3.0,52.0,5.0,0.164,0.066,0.22999999999999998,0.57,0.6272405311272489,2.2539976540651767,0.5184194604349905,0.35752710274253185
78,114.0,Baker-Boaitey,3.0,45.0,5.0,0.0,0.0,0.0,0.0,0.6272405311272489,2.2539976540651767,0.0,0.0
79,115.0,Baleba,3.0,50.0,5.0,0.028000000000000004,0.05,0.078,1.018,0.6272405311272489,2.2539976540651767,0.17581181701708376,0.6385308606875393
80,117.0,Buonanotte,3.0,48.0,11.0,0.016,0.088,0.10400000000000001,0.758,0.6526137481083363,2.1662624250232945,0.2252912922024226,0.49468122106611884
81,118.0,Cozier-Duberry,3.0,45.0,5.0,0.0,0.0,0.0,0.0,0.6272405311272489,2.2539976540651767,0.0,0.0
82,119.0,Dahoud,3.0,49.0,5.0,0.0,0.0,0.0,0.0,0.6272405311272489,2.2539976540651767,0.0,0.0
83,120.0,Dunk,2.0,43.0,5.0,0.022,0.014000000000000002,0.036000000000000004,0.8039999999999999,0.6272405311272489,2.2539976540651767,0.08114391554634637,0.5043013870263081
84,121.0,Enciso,3.0,54.0,5.0,0.14400000000000002,0.01,0.154,0.614,0.6272405311272489,2.2539976540651767,0.3471156387260372,0.38512568611213077
85,122.0,Estupiñan,2.0,50.0,5.0,0.012,0.062,0.074,0.682,0.6272405311272489,2.2539976540651767,0.16679582640082305,0.42777804222878374
86,123.0,Ferguson,4.0,55.0,5.0,0.036,0.024,0.06,0.10600000000000001,0.6272405311272489,2.2539976540651767,0.13523985924391058,0.06648749629948839
87,124.0,Gilmour,3.0,50.0,5.0,0.0,0.0,0.0,0.0,0.6272405311272489,2.2539976540651767,0.0,0.0
88,125.0,Gross,3.0,65.0,5.0,0.0,0.0,0.0,0.0,0.6272405311272489,2.2539976540651767,0.0,0.0
89,126.0,Hinshelwood,3.0,49.0,5.0,0.0,0.0,0.0,0.0,0.6272405311272489,2.2539976540651767,0.0,0.0
90,127.0,I.Osman,3.0,50.0,5.0,0.0,0.0,0.0,0.0,0.6272405311272489,2.2539976540651767,0.0,0.0
91,129.0,João Pedro,4.0,56.0,5.0,0.254,0.092,0.346,1.038,0.6272405311272489,2.2539976540651767,0.779883188306551,0.6510756713100845
92,130.0,Kozlowski,3.0,45.0,5.0,0.0,0.0,0.0,0.0,0.6272405311272489,2.2539976540651767,0.0,0.0
93,132.0,March,3.0,65.0,5.0,0.014000000000000002,0.0,0.014000000000000002,0.0,0.6272405311272489,2.2539976540651767,0.03155596715691247,0.0
94,133.0,Mazilu,3.0,45.0,5.0,0.0,0.0,0.0,0.0,0.6272405311272489,2.2539976540651767,0.0,0.0
95,134.0,Milner,3.0,50.0,5.0,0.0,0.0,0.0,0.0,0.6272405311272489,2.2539976540651767,0.0,0.0
96,135.0,Minteh,3.0,50.0,5.0,0.048,0.088,0.13599999999999998,0.33199999999999996,0.6272405311272489,2.2539976540651767,0.30654368095286394,0.2082438563342466
97,136.0,Mitoma,3.0,63.0,5.0,0.064,0.09,0.154,0.418,0.6272405311272489,2.2539976540651767,0.3471156387260372,0.26218654201119
98,137.0,Moder,3.0,44.0,5.0,0.0,0.10600000000000001,0.10600000000000001,0.02,0.6272405311272489,2.2539976540651767,0.23892375133090873,0.012544810622544977
99,138.0,O’Mahony,4.0,45.0,5.0,0.0,0.0,0.0,0.0,0.6272405311272489,2.2539976540651767,0.0,0.0
100,140.0,Peupion,3.0,44.0,5.0,0.0,0.0,0.0,0.0,0.6272405311272489,2.2539976540651767,0.0,0.0
101,141.0,Sarmiento,3.0,49.0,5.0,0.0,0.0,0.0,0.0,0.6272405311272489,2.2539976540651767,0.0,0.0
102,143.0,Undav,4.0,55.0,5.0,0.0,0.0,0.0,0.0,0.6272405311272489,2.2539976540651767,0.0,0.0
103,144.0,Van Hecke,2.0,45.0,5.0,0.036000000000000004,0.038,0.074,1.038,0.6272405311272489,2.2539976540651767,0.16679582640082305,0.6510756713100845
104,145.0,Veltman,2.0,44.0,5.0,0.012,0.016,0.027999999999999997,0.536,0.6272405311272489,2.2539976540651767,0.06311193431382493,0.3362009246842054
105,146.0,Verbruggen,1.0,45.0,5.0,0.0,0.0,0.0,1.038,0.6272405311272489,2.2539976540651767,0.0,0.6510756713100845
106,148.0,Welbeck,4.0,55.0,5.0,0.0,0.0,0.0,0.0,0.6272405311272489,2.2539976540651767,0.0,0.0
107,149.0,Wieffer,3.0,47.0,5.0,0.038,0.006,0.044,0.06,0.6272405311272489,2.2539976540651767,0.09917589677886775,0.03763443186763493
108,150.0,Andrey Santos,3.0,45.0,6.0,0.0,0.0,0.0,0.0,0.6255894778795474,2.1856596711779996,0.0,0.0
109,151.0,Ângelo,3.0,45.0,6.0,0.0,0.0,0.0,0.0,0.6255894778795474,2.1856596711779996,0.0,0.0
110,156.0,Broja,4.0,54.0,8.0,0.022000000000000002,0.006,0.028000000000000008,0.44400000000000006,0.6985796039589105,2.1313524132357777,0.059677867570601784,0.3101693441577563
111,157.0,Caicedo,3.0,49.0,6.0,0.028000000000000004,0.04,0.068,1.296,0.6255894778795474,2.1856596711779996,0.148624857640104,0.8107639633318935
112,158.0,Casadei,3.0,44.0,6.0,0.0,0.0,0.0,0.0,0.6255894778795474,2.1856596711779996,0.0,0.0
113,161.0,Chukwuemeka,3.0,48.0,6.0,0.0,0.0,0.0,0.0,0.6255894778795474,2.1856596711779996,0.0,0.0
114,162.0,Colwill,2.0,46.0,6.0,0.01,0.038,0.048,1.33,0.6255894778795474,2.1856596711779996,0.104911664216544,0.8320340055797981
115,163.0,Cucurella,2.0,52.0,6.0,0.08,0.048,0.128,1.124,0.6255894778795474,2.1856596711779996,0.279764437910784,0.7031625731366113
116,164.0,D.D.Fofana,4.0,54.0,6.0,0.0,0.0,0.0,0.0,0.6255894778795474,2.1856596711779996,0.0,0.0
117,165.0,Deivid,4.0,49.0,6.0,0.0,0.0,0.0,0.0,0.6255894778795474,2.1856596711779996,0.0,0.0
118,166.0,Dewsbury-Hall,3.0,55.0,6.0,0.0,0.0,0.0,0.0,0.6255894778795474,2.1856596711779996,0.0,0.0
119,168.0,Enzo,3.0,50.0,6.0,0.124,0.27599999999999997,0.4,1.33,0.6255894778795474,2.1856596711779996,0.8742638684712001,0.8320340055797981
120,169.0,Gallagher,3.0,59.0,6.0,0.0,0.0,0.0,0.0,0.6255894778795474,2.1856596711779996,0.0,0.0
121,173.0,Kellyman,3.0,44.0,6.0,0.0,0.0,0.0,0.0,0.6255894778795474,2.1856596711779996,0.0,0.0
122,174.0,Lavia,3.0,45.0,6.0,0.0,0.002,0.002,0.194,0.6255894778795474,2.1856596711779996,0.004371319342356,0.1213643587086322
123,175.0,Lukaku,4.0,63.0,6.0,0.0,0.0,0.0,0.0,0.6255894778795474,2.1856596711779996,0.0,0.0
124,177.0,Madueke,3.0,61.0,6.0,0.06799999999999999,0.078,0.146,0.5900000000000001,0.6255894778795474,2.1856596711779996,0.31910631199198797,0.369097791948933
125,178.0,Marc Guiu,4.0,47.0,6.0,0.0,0.0,0.0,0.08399999999999999,0.6255894778795474,2.1856596711779996,0.0,0.052549516141881976
126,179.0,Mudryk,3.0,62.0,6.0,0.0,0.0,0.0,0.0,0.6255894778795474,2.1856596711779996,0.0,0.0
127,180.0,N.Jackson,4.0,80.0,6.0,0.38,0.1,0.48,0.6639999999999999,0.6255894778795474,2.1856596711779996,1.0491166421654399,0.4153914133120194
128,181.0,Nkunku,3.0,58.0,6.0,0.198,0.024,0.22199999999999998,0.592,0.6255894778795474,2.1856596711779996,0.4852164470015159,0.37034897090469204
129,182.0,Palmer,3.0,114.0,6.0,0.29,0.394,0.6839999999999999,1.33,0.6255894778795474,2.1856596711779996,1.4949912150857518,0.8320340055797981
130,184.0,Renato Veiga,3.0,44.0,6.0,0.0,0.0,0.0,0.0,0.6255894778795474,2.1856596711779996,0.0,0.0
131,185.0,Sánchez,1.0,48.0,6.0,0.0,0.0,0.0,1.014,0.6255894778795474,2.1856596711779996,0.0,0.634347730569861
132,186.0,Sterling,3.0,67.0,1.0,0.026000000000000002,0.006,0.032,0.08399999999999999,0.6103052267244654,2.288399657573882,0.07322878904236424,0.05126563904485509
133,188.0,Ugochukwu,3.0,44.0,17.0,0.014000000000000002,0.018,0.032,1.92,0.6324319921567215,2.079563480980941,0.06654603139139012,1.2142694249409054
134,190.0,Ahamada,3.0,45.0,7.0,0.0,0.0,0.0,0.0,0.635662905468144,2.1737896933174117,0.0,0.0
135,191.0,Andersen,2.0,42.0,9.0,0.0,0.012,0.012,1.1280000000000001,0.6559235087265823,2.1360730152468235,0.02563287618296188,0.7398817178435849
136,192.0,J.Ayew,3.0,52.0,11.0,0.06999999999999999,0.084,0.154,0.756,0.6526137481083363,2.1662624250232945,0.33360441345358727,0.49337599356990225
137,193.0,C.Doucouré,3.0,49.0,7.0,0.004,0.016,0.02,0.45600000000000007,0.635662905468144,2.1737896933174117,0.043475793866348235,0.2898622848934737
138,194.0,C.Richards,2.0,44.0,7.0,0.012,0.004,0.016,1.35,0.635662905468144,2.1737896933174117,0.034780635093078584,0.8581449223819945
139,197.0,Ebiowei,3.0,45.0,7.0,0.0,0.0,0.0,0.0,0.635662905468144,2.1737896933174117,0.0,0.0
140,198.0,Edouard,4.0,51.0,11.0,0.0,0.0,0.0,0.0,0.6526137481083363,2.1662624250232945,0.0,0.0
141,199.0,Eze,3.0,67.0,7.0,0.22000000000000003,0.098,0.318,1.02,0.635662905468144,2.1737896933174117,0.691265122474937,0.6483761635775069
142,200.0,Guéhi,2.0,45.0,7.0,0.036,0.012,0.048,1.456,0.635662905468144,2.1737896933174117,0.10434190527923576,0.9255251903616176
143,201.0,Henderson,1.0,45.0,7.0,0.0,0.002,0.002,1.6440000000000001,0.635662905468144,2.1737896933174117,0.004347579386634823,1.0450298165896288
144,203.0,Hughes,3.0,49.0,7.0,0.044000000000000004,0.11199999999999999,0.156,1.182,0.635662905468144,2.1737896933174117,0.33911119215751623,0.7513535542633462
145,205.0,Kamada,3.0,51.0,7.0,0.014000000000000002,0.014000000000000002,0.028000000000000004,0.7380000000000001,0.635662905468144,2.1737896933174117,0.06086611141288754,0.46911922423549035
146,206.0,Lerma,3.0,48.0,7.0,0.057999999999999996,0.044,0.10200000000000001,1.44,0.635662905468144,2.1737896933174117,0.22172654871837602,0.9153545838741274
147,207.0,Mateta,4.0,73.0,7.0,0.508,0.033999999999999996,0.542,1.5719999999999998,0.635662905468144,2.1737896933174117,1.1781940137780373,0.9992620873959223
148,208.0,M.França,3.0,44.0,7.0,0.0,0.0,0.0,0.0,0.635662905468144,2.1737896933174117,0.0,0.0
149,210.0,Mitchell,2.0,48.0,7.0,0.04,0.162,0.202,1.5939999999999999,0.635662905468144,2.1737896933174117,0.4391055180501172,1.0132466713162216
150,211.0,Muñoz,2.0,48.0,7.0,0.126,0.092,0.21799999999999997,1.0699999999999998,0.635662905468144,2.1737896933174117,0.4738861531431957,0.6801593088509139
151,212.0,Ozoh,3.0,45.0,7.0,0.0,0.0,0.0,0.0,0.635662905468144,2.1737896933174117,0.0,0.0
152,213.0,Rak-Sakyi,3.0,45.0,7.0,0.0,0.0,0.0,0.0,0.635662905468144,2.1737896933174117,0.0,0.0
153,214.0,Schlupp,3.0,46.0,7.0,0.008,0.0,0.008,0.012,0.635662905468144,2.1737896933174117,0.017390317546539292,0.007627954865617729
154,216.0,Wharton,3.0,47.0,7.0,0.0,0.0,0.0,0.0,0.635662905468144,2.1737896933174117,0.0,0.0
155,217.0,A.Doucoure,3.0,51.0,8.0,0.06799999999999999,0.024,0.092,1.496,0.6985796039589105,2.1313524132357777,0.19608442201769155,1.04507508752253
156,218.0,Beto,4.0,49.0,8.0,0.008,0.0,0.008,0.11000000000000001,0.6985796039589105,2.1313524132357777,0.01705081930588622,0.07684375643548016
157,219.0,Branthwaite,2.0,48.0,8.0,0.056000000000000015,0.024,0.08,1.496,0.6985796039589105,2.1313524132357777,0.17050819305886222,1.04507508752253
158,220.0,Calvert-Lewin,4.0,54.0,8.0,0.166,0.01,0.176,1.04,0.6985796039589105,2.1313524132357777,0.3751180247294969,0.726522788117267
159,222.0,Gana,3.0,48.0,8.0,0.018,0.012,0.030000000000000002,1.3980000000000001,0.6985796039589105,2.1313524132357777,0.06394057239707333,0.9766142863345569
160,223.0,Garner,3.0,49.0,8.0,0.0,0.0,0.0,0.0,0.6985796039589105,2.1313524132357777,0.0,0.0
161,224.0,Harrison,3.0,52.0,8.0,0.128,0.10200000000000001,0.23000000000000004,0.9039999999999999,0.6985796039589105,2.1313524132357777,0.4902110550442289,0.6315159619788551
162,226.0,Iroegbunam,3.0,43.0,8.0,0.0,0.0,0.0,0.0,0.6985796039589105,2.1313524132357777,0.0,0.0
163,229.0,Maupay,4.0,49.0,8.0,0.0,0.0,0.0,0.0,0.6985796039589105,2.1313524132357777,0.0,0.0
164,230.0,McNeil,3.0,51.0,8.0,0.0,0.0,0.0,0.0,0.6985796039589105,2.1313524132357777,0.0,0.0
165,231.0,Mykolenko,2.0,43.0,8.0,0.004,0.060000000000000005,0.064,1.496,0.6985796039589105,2.1313524132357777,0.13640655444708977,1.04507508752253
166,232.0,Ndiaye,4.0,54.0,8.0,0.148,0.034,0.182,1.484,0.6985796039589105,2.1313524132357777,0.38790613920891154,1.036692132275023
167,233.0,Onana,3.0,48.0,2.0,0.054000000000000006,0.008,0.062,1.046,0.6622516186001824,2.1946698367804705,0.13606952988038917,0.6927151930557908
168,235.0,Pickford,1.0,50.0,8.0,0.0,0.008,0.008,1.496,0.6985796039589105,2.1313524132357777,0.01705081930588622,1.04507508752253
169,236.0,Tarkowski,2.0,48.0,8.0,0.0,0.032,0.032,1.496,0.6985796039589105,2.1313524132357777,0.06820327722354488,1.04507508752253
170,237.0,Y. Chermiti,4.0,49.0,8.0,0.0,0.0,0.0,0.0,0.6985796039589105,2.1313524132357777,0.0,0.0
171,238.0,Young,2.0,47.0,8.0,0.008,0.032,0.04,0.9780000000000002,0.6985796039589105,2.1313524132357777,0.08525409652943111,0.6832108526718145
172,239.0,Adama,3.0,47.0,9.0,0.057999999999999996,0.11399999999999999,0.172,0.23199999999999998,0.6559235087265823,2.1360730152468235,0.36740455862245364,0.15217425402456708
173,240.0,Andreas,3.0,50.0,9.0,0.041999999999999996,0.022,0.064,0.7979999999999999,0.6559235087265823,2.1360730152468235,0.1367086729757967,0.5234269599638127
174,241.0,Bassey,2.0,45.0,9.0,0.022,0.012,0.033999999999999996,1.1800000000000002,0.6559235087265823,2.1360730152468235,0.07262648251839199,0.7739897402973672
175,243.0,Cairney,3.0,48.0,9.0,0.01,0.052000000000000005,0.062,0.374,0.6559235087265823,2.1360730152468235,0.13243652694530306,0.2453153922637418
176,244.0,Castagne,2.0,42.0,9.0,0.012,0.05,0.062,1.1800000000000002,0.6559235087265823,2.1360730152468235,0.13243652694530306,0.7739897402973672
177,245.0,Diop,2.0,44.0,9.0,0.0,0.002,0.002,0.77,0.6559235087265823,2.1360730152468235,0.004272146030493647,0.5050611017194684
178,246.0,Harris,3.0,45.0,9.0,0.0,0.0,0.0,0.0,0.6559235087265823,2.1360730152468235,0.0,0.0
179,247.0,Iwobi,3.0,59.0,9.0,0.166,0.292,0.458,0.9019999999999999,0.6559235087265823,2.1360730152468235,0.9783214409830452,0.5916430048713772
180,248.0,Leno,1.0,50.0,9.0,0.0,0.0,0.0,1.1800000000000002,0.6559235087265823,2.1360730152468235,0.0,0.7739897402973672
181,249.0,Lukić,3.0,48.0,9.0,0.08600000000000001,0.036000000000000004,0.122,1.1039999999999999,0.6559235087265823,2.1360730152468235,0.2606009078601125,0.7241395536341467
182,251.0,Muniz,4.0,55.0,9.0,0.126,0.002,0.128,0.46799999999999997,0.6559235087265823,2.1360730152468235,0.2734173459515934,0.3069722020840405
183,252.0,Raúl,4.0,57.0,9.0,0.62,0.016,0.636,0.9359999999999999,0.6559235087265823,2.1360730152468235,1.35854243769698,0.613944404168081
184,254.0,Reed,3.0,47.0,9.0,0.0,0.0,0.0,0.0,0.6559235087265823,2.1360730152468235,0.0,0.0
185,255.0,Robinson,2.0,51.0,9.0,0.05,0.13399999999999998,0.184,1.1800000000000002,0.6559235087265823,2.1360730152468235,0.39303743480541553,0.7739897402973672
186,256.0,Stansfield,4.0,50.0,9.0,0.0,0.0,0.0,0.0,0.6559235087265823,2.1360730152468235,0.0,0.0
187,258.0,Vinicius,4.0,50.0,9.0,0.012,0.0,0.012,0.0,0.6559235087265823,2.1360730152468235,0.02563287618296188,0.0
188,259.0,Wilson,3.0,52.0,9.0,0.33799999999999997,0.05800000000000001,0.396,0.992,0.6559235087265823,2.1360730152468235,0.8458849140377422,0.6506761206567697
189,260.0,Al-Hamadi,4.0,48.0,10.0,0.057999999999999996,0.002,0.06,0.262,0.6478809654337075,2.2108596711644704,0.13265158026986823,0.1697448129436314
190,262.0,Broadhead,3.0,49.0,10.0,0.13999999999999999,0.152,0.292,0.844,0.6478809654337075,2.2108596711644704,0.6455710239800254,0.5468115348260492
191,264.0,Burns,3.0,48.0,10.0,0.034,0.01,0.044000000000000004,1.188,0.6478809654337075,2.2108596711644704,0.0972778255312367,0.7696825869352445
192,265.0,Chaplin,3.0,51.0,10.0,0.0,0.038,0.038,0.446,0.6478809654337075,2.2108596711644704,0.08401266750424988,0.28895491058343353
193,267.0,Davis,2.0,44.0,10.0,0.02,0.07,0.09,1.896,0.6478809654337075,2.2108596711644704,0.19897737040480235,1.2283823104623095
194,268.0,Delap,4.0,56.0,10.0,0.36,0.016,0.376,1.27,0.6478809654337075,2.2108596711644704,0.831283236357841,0.8228088261008084
195,270.0,Greaves,2.0,39.0,10.0,0.0,0.004,0.004,1.4300000000000002,0.6478809654337075,2.2108596711644704,0.008843438684657881,0.9264697805702018
196,271.0,Harness,3.0,49.0,10.0,0.0,0.0,0.0,0.0,0.6478809654337075,2.2108596711644704,0.0,0.0
197,272.0,Hirst,4.0,54.0,10.0,0.0,0.0,0.0,0.0,0.6478809654337075,2.2108596711644704,0.0,0.0
198,273.0,Humphreys,3.0,45.0,10.0,0.0,0.0,0.0,0.0,0.6478809654337075,2.2108596711644704,0.0,0.0
199,274.0,Hutchinson,3.0,52.0,10.0,0.044000000000000004,0.024,0.06799999999999999,1.348,0.6478809654337075,2.2108596711644704,0.15033845763918396,0.8733435414046378
200,276.0,Ladapo,4.0,45.0,10.0,0.0,0.0,0.0,0.0,0.6478809654337075,2.2108596711644704,0.0,0.0
201,277.0,Luongo,3.0,44.0,10.0,0.0,0.0,0.0,0.0,0.6478809654337075,2.2108596711644704,0.0,0.0
202,278.0,Morsy,3.0,49.0,10.0,0.0,0.012,0.012,1.34,0.6478809654337075,2.2108596711644704,0.026530316053973647,0.8681604936811681
203,281.0,Taylor,3.0,48.0,10.0,0.004,0.002,0.006,0.21600000000000003,0.6478809654337075,2.2108596711644704,0.013265158026986823,0.13994228853368082
204,284.0,Woolfenden,2.0,40.0,10.0,0.0,0.002,0.002,1.4300000000000002,0.6478809654337075,2.2108596711644704,0.0044217193423289405,0.9264697805702018
205,285.0,B.Soumaré,3.0,44.0,11.0,0.022,0.038,0.06,1.524,0.6526137481083363,2.1662624250232945,0.12997574550139765,0.9945833521171046
206,286.0,Cannon,4.0,45.0,11.0,0.0,0.0,0.0,0.0,0.6526137481083363,2.1662624250232945,0.0,0.0
207,287.0,Choudhury,3.0,43.0,11.0,0.0,0.034,0.034,0.194,0.6526137481083363,2.1662624250232945,0.07365292245079201,0.12660706713301723
208,288.0,Coady,2.0,40.0,11.0,0.0,0.086,0.086,0.9899999999999999,0.6526137481083363,2.1662624250232945,0.18629856855200327,0.6460876106272528
209,289.0,Daka,4.0,48.0,11.0,0.05,0.004,0.054000000000000006,0.622,0.6526137481083363,2.1662624250232945,0.1169781709512579,0.40592575132338515
210,290.0,De Cordova-Reid,3.0,52.0,11.0,0.0,0.002,0.002,0.13,0.6526137481083363,2.1662624250232945,0.004332524850046588,0.08483978725408371
211,292.0,Golding,3.0,44.0,11.0,0.0,0.0,0.0,0.0,0.6526137481083363,2.1662624250232945,0.0,0.0
212,295.0,Justin,2.0,42.0,11.0,0.122,0.006,0.128,1.2959999999999998,0.6526137481083363,2.1662624250232945,0.2772815904029816,0.8457874175484036
213,296.0,Kristiansen,2.0,45.0,11.0,0.0,0.08600000000000001,0.08600000000000001,1.2120000000000002,0.6526137481083363,2.1662624250232945,0.18629856855200333,0.7909678627073037
214,297.0,Marcal,3.0,45.0,11.0,0.0,0.0,0.0,0.0,0.6526137481083363,2.1662624250232945,0.0,0.0
215,298.0,Mavididi,3.0,51.0,11.0,0.084,0.17,0.254,1.524,0.6526137481083363,2.1662624250232945,0.5502306559559167,0.9945833521171046
216,299.0,McAteer,3.0,47.0,11.0,0.0,0.022,0.022,0.06999999999999999,0.6526137481083363,2.1662624250232945,0.04765777335051247,0.045682962367583534
217,300.0,Ndidi,3.0,49.0,11.0,0.0,0.0,0.0,0.0,0.6526137481083363,2.1662624250232945,0.0,0.0
218,304.0,Stolarczyk,1.0,40.0,11.0,0.0,0.0,0.0,1.312,0.6526137481083363,2.1662624250232945,0.0,0.8562292375181372
219,306.0,Vardy,4.0,55.0,11.0,0.512,0.11200000000000002,0.624,1.142,0.6526137481083363,2.1662624250232945,1.3517477532145354,0.74528490033972
220,307.0,Vestergaard,2.0,40.0,11.0,0.006,0.006,0.012,1.1620000000000001,0.6526137481083363,2.1662624250232945,0.02599514910027953,0.7583371753018868
221,309.0,Winks,3.0,44.0,11.0,0.004,0.052000000000000005,0.055999999999999994,1.3439999999999999,0.6526137481083363,2.1662624250232945,0.12131069580130446,0.8771128774576039
222,310.0,A.Becker,1.0,54.0,12.0,0.0,0.04,0.04,0.662,0.5626444749088549,2.288111267652111,0.09152445070608445,0.372470642389662
223,311.0,Alexander-Arnold,2.0,72.0,12.0,0.05,0.306,0.356,0.5860000000000001,0.5626444749088549,2.288111267652111,0.8145676112841514,0.3297096622965891
224,312.0,Bajcetic,3.0,45.0,12.0,0.0,0.0,0.0,0.0,0.5626444749088549,2.288111267652111,0.0,0.0
225,314.0,Carvalho,3.0,46.0,4.0,0.0,0.0,0.0,0.0,0.612377498067347,2.1146672650402354,0.0,0.0
226,315.0,Clark,3.0,45.0,12.0,0.0,0.0,0.0,0.0,0.5626444749088549,2.288111267652111,0.0,0.0
227,316.0,Darwin,4.0,70.0,12.0,0.05,0.006,0.056000000000000015,0.196,0.5626444749088549,2.288111267652111,0.12813423098851823,0.11027831708213559
228,317.0,Diogo J.,3.0,72.0,12.0,0.358,0.022,0.38,0.32999999999999996,0.5626444749088549,2.288111267652111,0.8694822817078022,0.18567267671992213
229,318.0,Doak,3.0,45.0,12.0,0.0,0.0,0.0,0.0,0.5626444749088549,2.288111267652111,0.0,0.0
230,319.0,Elliott,3.0,52.0,12.0,0.0,0.012,0.012,0.15,0.5626444749088549,2.288111267652111,0.027457335211825334,0.08439667123632826
231,320.0,Endo,3.0,46.0,12.0,0.0,0.004,0.004,0.048,0.5626444749088549,2.288111267652111,0.009152445070608445,0.027006934795625038
232,321.0,Gakpo,4.0,74.0,12.0,0.198,0.31799999999999995,0.516,0.356,0.5626444749088549,2.288111267652111,1.1806654141084894,0.20030143306755238
233,323.0,Gravenberch,3.0,50.0,12.0,0.03000000000000001,0.148,0.178,0.614,0.5626444749088549,2.288111267652111,0.4072838056420757,0.345463707594037
234,324.0,Jones,3.0,53.0,12.0,0.198,0.042,0.24000000000000002,0.382,0.5626444749088549,2.288111267652111,0.5491467042365066,0.2149301894151826
235,327.0,Luis Díaz,3.0,75.0,12.0,0.274,0.054000000000000006,0.328,0.4680000000000001,0.5626444749088549,2.288111267652111,0.7505004957898925,0.2633176142573442
236,328.0,M.Salah,3.0,137.0,12.0,1.158,0.31,1.468,0.636,0.5626444749088549,2.288111267652111,3.358947340913299,0.35784188604203176
237,329.0,Mac Allister,3.0,62.0,12.0,0.19,0.324,0.514,0.48000000000000004,0.5626444749088549,2.288111267652111,1.176089191573185,0.27006934795625037
238,330.0,McConnell,3.0,44.0,12.0,0.0,0.0,0.0,0.0,0.5626444749088549,2.288111267652111,0.0,0.0
239,331.0,Morton,3.0,44.0,12.0,0.0,0.0,0.0,0.0,0.5626444749088549,2.288111267652111,0.0,0.0
240,335.0,Robertson,2.0,59.0,12.0,0.014000000000000004,0.12400000000000001,0.13799999999999998,0.614,0.5626444749088549,2.288111267652111,0.31575935493599133,0.345463707594037
241,336.0,Szoboszlai,3.0,63.0,12.0,0.414,0.13999999999999999,0.554,0.312,0.5626444749088549,2.288111267652111,1.2676136422792696,0.17554507617156276
242,339.0,Virgil,2.0,64.0,12.0,0.076,0.016,0.092,0.662,0.5626444749088549,2.288111267652111,0.2105062366239942,0.372470642389662
243,340.0,Akanji,2.0,53.0,13.0,0.038,0.028000000000000004,0.066,1.5100000000000002,0.6079176654296888,2.2024553997978824,0.14536205638666025,0.9179556747988302
244,341.0,Aké,2.0,53.0,13.0,0.022,0.014000000000000002,0.036000000000000004,0.982,0.6079176654296888,2.2024553997978824,0.07928839439272377,0.5969751474519543
245,342.0,Bernardo,3.0,63.0,13.0,0.08800000000000001,0.062,0.15,1.5100000000000002,0.6079176654296888,2.2024553997978824,0.33036830996968236,0.9179556747988302
246,343.0,Bobb,3.0,47.0,13.0,0.0,0.0,0.0,0.0,0.6079176654296888,2.2024553997978824,0.0,0.0
247,345.0,De Bruyne,3.0,94.0,13.0,0.054000000000000006,0.18,0.23399999999999999,1.074,0.6079176654296888,2.2024553997978824,0.5153745635527044,0.6529035726714859
248,346.0,Doku,3.0,62.0,13.0,0.0,0.018,0.018,0.10200000000000001,0.6079176654296888,2.2024553997978824,0.03964419719636188,0.06200760187382827
249,348.0,Foden,3.0,92.0,13.0,0.352,0.308,0.658,1.328,0.6079176654296888,2.2024553997978824,1.4492156530670066,0.8073146596906268
250,349.0,Grealish,3.0,64.0,13.0,0.028000000000000004,0.05600000000000001,0.08399999999999999,0.34199999999999997,0.6079176654296888,2.2024553997978824,0.18500625358302208,0.20790784157695355
251,350.0,Gvardiol,2.0,60.0,13.0,0.244,0.04,0.284,1.5100000000000002,0.6079176654296888,2.2024553997978824,0.6254973335425985,0.9179556747988302
252,351.0,Haaland,4.0,148.0,13.0,0.63,0.068,0.6980000000000001,1.502,0.6079176654296888,2.2024553997978824,1.5373138690589219,0.9130923334753926
253,352.0,J.Alvarez,4.0,70.0,13.0,0.0,0.0,0.0,0.0,0.6079176654296888,2.2024553997978824,0.0,0.0
254,354.0,Kovačić,3.0,54.0,13.0,0.046,0.054000000000000006,0.1,1.1039999999999999,0.6079176654296888,2.2024553997978824,0.22024553997978824,0.6711411026343763
255,355.0,Lewis,2.0,46.0,13.0,0.022,0.038,0.06,0.9940000000000002,0.6079176654296888,2.2024553997978824,0.13214732398787293,0.6042701594371108
256,356.0,Matheus N.,3.0,49.0,13.0,0.0,0.057999999999999996,0.057999999999999996,0.516,0.6079176654296888,2.2024553997978824,0.12774241318827717,0.31368551536171946
257,357.0,McAtee,3.0,46.0,13.0,0.041999999999999996,0.002,0.044,0.21200000000000002,0.6079176654296888,2.2024553997978824,0.09690803759110682,0.12887854507109406
258,358.0,Ortega Moreno,1.0,52.0,13.0,0.0,0.0,0.0,1.5100000000000002,0.6079176654296888,2.2024553997978824,0.0,0.9179556747988302
259,359.0,Phillips,3.0,48.0,10.0,0.004,0.006,0.01,0.8019999999999999,0.6478809654337075,2.2108596711644704,0.022108596711644703,0.5196005342778334
260,360.0,Rodrigo,3.0,62.0,13.0,0.0,0.0,0.0,0.0,0.6079176654296888,2.2024553997978824,0.0,0.0
261,364.0,Amad,3.0,55.0,14.0,0.396,0.26399999999999996,0.6599999999999999,1.562,0.5831638514516191,2.154635607035412,1.4220595006433716,0.9109019359674292
262,365.0,Antony,3.0,57.0,14.0,0.074,0.024,0.098,0.162,0.5831638514516191,2.154635607035412,0.21115428948947038,0.0944725439351623
263,366.0,B.Fernandes,3.0,84.0,14.0,0.21000000000000002,0.16999999999999998,0.38,1.162,0.5831638514516191,2.154635607035412,0.8187615306734566,0.6776363953867814
264,368.0,Casemiro,3.0,47.0,14.0,0.024,0.033999999999999996,0.05800000000000001,0.488,0.5831638514516191,2.154635607035412,0.1249688652080539,0.2845839595083901
265,369.0,Dalot,2.0,50.0,14.0,0.08399999999999999,0.07200000000000001,0.156,1.3679999999999999,0.5831638514516191,2.154635607035412,0.33612315469752424,0.7977681487858149
266,370.0,Eriksen,3.0,53.0,14.0,0.0,0.088,0.088,0.502,0.5831638514516191,2.154635607035412,0.18960793341911622,0.2927482534287128
267,372.0,Garnacho,3.0,60.0,14.0,0.172,0.11400000000000002,0.286,0.754,0.5831638514516191,2.154635607035412,0.6162257836121277,0.4397055439945209
268,373.0,Hannibal,3.0,45.0,14.0,0.0,0.0,0.0,0.0,0.5831638514516191,2.154635607035412,0.0,0.0
269,375.0,Højlund,4.0,69.0,14.0,0.11400000000000002,0.076,0.19,1.328,0.5831638514516191,2.154635607035412,0.4093807653367283,0.7744415947277502
270,377.0,Maguire,2.0,49.0,14.0,0.09,0.028000000000000004,0.11800000000000001,1.376,0.5831638514516191,2.154635607035412,0.2542470016301786,0.802433459597428
271,378.0,Mainoo,3.0,52.0,14.0,0.06799999999999999,0.05800000000000001,0.126,0.9780000000000001,0.5831638514516191,2.154635607035412,0.2714840864864619,0.5703342467196836
272,380.0,Martinez,2.0,44.0,14.0,0.05600000000000001,0.07999999999999999,0.136,1.666,0.5831638514516191,2.154635607035412,0.29303044255681604,0.9715509765183974
273,381.0,McTominay,3.0,49.0,14.0,0.0,0.0,0.0,0.0,0.5831638514516191,2.154635607035412,0.0,0.0
274,382.0,Mount,3.0,63.0,14.0,0.0,0.0,0.0,0.0,0.5831638514516191,2.154635607035412,0.0,0.0
275,383.0,Onana,1.0,51.0,14.0,0.0,0.0,0.0,1.672,0.5831638514516191,2.154635607035412,0.0,0.9750499596271072
276,384.0,Pellistri,3.0,50.0,14.0,0.0,0.0,0.0,0.0,0.5831638514516191,2.154635607035412,0.0,0.0
277,385.0,Rashford,3.0,66.0,14.0,0.0,0.0,0.0,0.0,0.5831638514516191,2.154635607035412,0.0,0.0
278,386.0,Sancho,3.0,62.0,6.0,0.09,0.066,0.156,1.03,0.6255894778795474,2.1856596711779996,0.340962908703768,0.6443571622159339
279,388.0,Wan-Bissaka,2.0,46.0,19.0,0.06,0.076,0.136,1.8599999999999999,0.6110822811278985,2.220659706399765,0.302009720070368,1.1366130428978913
280,389.0,Zirkzee,4.0,65.0,14.0,0.02,0.07200000000000001,0.09200000000000001,0.72,0.5831638514516191,2.154635607035412,0.19822647584725792,0.4198779730451658
281,391.0,Almirón,3.0,54.0,15.0,0.0,0.004,0.004,0.18,0.6110930475387185,2.2113856575508235,0.008845542630203294,0.10999674855696934
282,392.0,Barnes,3.0,60.0,15.0,0.072,0.136,0.20800000000000002,0.154,0.6110930475387185,2.2113856575508235,0.45996821677057137,0.09410832932096265
283,394.0,Bruno G.,3.0,61.0,15.0,0.068,0.262,0.32999999999999996,0.8940000000000001,0.6110930475387185,2.2113856575508235,0.7297572669917717,0.5463171844996144
284,395.0,Burn,2.0,44.0,15.0,0.030000000000000006,0.07400000000000001,0.10400000000000001,0.9039999999999999,0.6110930475387185,2.2113856575508235,0.22998410838528568,0.5524281149750015
285,396.0,Dúbravka,1.0,43.0,15.0,0.0,0.0,0.0,0.9039999999999999,0.6110930475387185,2.2113856575508235,0.0,0.5524281149750015
286,397.0,Fraser,3.0,48.0,17.0,0.0,0.0,0.0,0.0,0.6324319921567215,2.079563480980941,0.0,0.0
287,398.0,Gordon,3.0,77.0,15.0,0.398,0.22799999999999998,0.626,0.624,0.6110930475387185,2.2113856575508235,1.3843274216268155,0.3813220616641604
288,399.0,Hall,2.0,50.0,15.0,0.022,0.164,0.186,0.9039999999999999,0.6110930475387185,2.2113856575508235,0.4113177323044532,0.5524281149750015
289,400.0,Hayden,3.0,44.0,15.0,0.0,0.0,0.0,0.0,0.6110930475387185,2.2113856575508235,0.0,0.0
290,401.0,Isak,4.0,94.0,15.0,1.0939999999999999,0.11800000000000001,1.212,0.6900000000000001,0.6110930475387185,2.2113856575508235,2.680199416951598,0.42165420280171584
291,402.0,J.Murphy,3.0,51.0,15.0,0.13999999999999999,0.29200000000000004,0.43200000000000005,0.636,0.6110930475387185,2.2113856575508235,0.9553186040619558,0.388655178234625
292,403.0,Joelinton,3.0,60.0,15.0,0.188,0.10400000000000001,0.292,0.612,0.6110930475387185,2.2113856575508235,0.6457246120048404,0.37398894509369573
293,406.0,Kuol,3.0,44.0,15.0,0.0,0.0,0.0,0.0,0.6110930475387185,2.2113856575508235,0.0,0.0
294,410.0,Longstaff,3.0,46.0,15.0,0.0,0.0,0.0,0.068,0.6110930475387185,2.2113856575508235,0.0,0.041554327232632866
295,411.0,Miley,3.0,50.0,15.0,0.0,0.002,0.002,0.158,0.6110930475387185,2.2113856575508235,0.004422771315101647,0.09655270151111753
296,417.0,Tonali,3.0,55.0,15.0,0.244,0.13999999999999999,0.384,0.9039999999999999,0.6110930475387185,2.2113856575508235,0.8491720924995162,0.5524281149750015
297,419.0,White,3.0,45.0,15.0,0.0,0.0,0.0,0.0,0.6110930475387185,2.2113856575508235,0.0,0.0
298,420.0,Willock,3.0,47.0,15.0,0.041999999999999996,0.022,0.064,0.344,0.6110930475387185,2.2113856575508235,0.1415286820832527,0.21021600835331916
299,421.0,Wilson,4.0,69.0,15.0,0.0,0.0,0.0,0.0,0.6110930475387185,2.2113856575508235,0.0,0.0
300,422.0,Aina,2.0,53.0,16.0,0.09,0.01,0.1,1.214,0.5894188497921059,2.2790606774344706,0.22790606774344704,0.7155544836476165
301,423.0,Anderson,3.0,50.0,16.0,0.038,0.1,0.138,1.142,0.5894188497921059,2.2790606774344706,0.31451037348595695,0.6731163264625849
302,424.0,Awoniyi,4.0,55.0,16.0,0.248,0.0,0.248,0.06200000000000001,0.5894188497921059,2.2790606774344706,0.5652070480037487,0.03654396868711057
303,426.0,Bowler,3.0,45.0,16.0,0.0,0.0,0.0,0.0,0.5894188497921059,2.2790606774344706,0.0,0.0
304,428.0,Da Silva Moreira,3.0,44.0,16.0,0.0,0.0,0.0,0.0,0.5894188497921059,2.2790606774344706,0.0,0.0
305,429.0,Danilo,3.0,47.0,16.0,0.0,0.0,0.0,0.0,0.5894188497921059,2.2790606774344706,0.0,0.0
306,430.0,Dennis,4.0,49.0,16.0,0.0,0.0,0.0,0.0,0.5894188497921059,2.2790606774344706,0.0,0.0
307,431.0,Dominguez,3.0,48.0,16.0,0.004,0.004,0.008,0.65,0.5894188497921059,2.2790606774344706,0.018232485419475766,0.38312225236486885
308,432.0,Elanga,3.0,53.0,16.0,0.19,0.10800000000000001,0.298,1.15,0.5894188497921059,2.2790606774344706,0.6791600818754722,0.6778316772609216
309,433.0,Gibbs-White,3.0,64.0,16.0,0.13,0.194,0.32399999999999995,1.15,0.5894188497921059,2.2790606774344706,0.7384156594887683,0.6778316772609216
310,434.0,Hudson-Odoi,3.0,52.0,16.0,0.10600000000000001,0.1,0.20600000000000002,0.9840000000000001,0.5894188497921059,2.2790606774344706,0.46948649955150096,0.5799881481954321
311,435.0,Mighten,3.0,45.0,16.0,0.0,0.0,0.0,0.0,0.5894188497921059,2.2790606774344706,0.0,0.0
312,436.0,Murillo,2.0,46.0,16.0,0.012,0.006,0.018,1.036,0.5894188497921059,2.2790606774344706,0.041023092193820464,0.6106379283846217
313,437.0,N.Williams,2.0,43.0,16.0,0.05800000000000001,0.026000000000000002,0.084,1.194,0.5894188497921059,2.2790606774344706,0.19144109690449554,0.7037661066517744
314,439.0,O'Brien,3.0,50.0,16.0,0.0,0.0,0.0,0.0,0.5894188497921059,2.2790606774344706,0.0,0.0
315,442.0,Sangaré,3.0,43.0,16.0,0.0,0.0,0.0,0.0,0.5894188497921059,2.2790606774344706,0.0,0.0
316,443.0,Sels,1.0,50.0,16.0,0.0,0.004,0.004,1.214,0.5894188497921059,2.2790606774344706,0.009116242709737883,0.7155544836476165
317,446.0,Ui-jo,4.0,45.0,16.0,0.0,0.0,0.0,0.0,0.5894188497921059,2.2790606774344706,0.0,0.0
318,447.0,Wood,4.0,70.0,16.0,0.22799999999999998,0.024,0.252,1.15,0.5894188497921059,2.2790606774344706,0.5743232907134865,0.6778316772609216
319,449.0,Yates,3.0,49.0,16.0,0.0,0.0,0.0,0.46799999999999997,0.5894188497921059,2.2790606774344706,0.0,0.27584802170270556
320,450.0,Alcaraz,3.0,49.0,17.0,0.0,0.0,0.0,0.0,0.6324319921567215,2.079563480980941,0.0,0.0
321,451.0,Amo-Ameyaw,3.0,44.0,17.0,0.0,0.0,0.0,0.0,0.6324319921567215,2.079563480980941,0.0,0.0
322,452.0,Aribo,3.0,49.0,17.0,0.014000000000000002,0.016,0.03,1.466,0.6324319921567215,2.079563480980941,0.062386904429428236,0.9271453005017537
323,453.0,Armstrong,4.0,51.0,17.0,0.06599999999999999,0.018,0.08399999999999999,1.818,0.6324319921567215,2.079563480980941,0.17468333240239906,1.1497613617409197
324,455.0,Bednarek,2.0,40.0,17.0,0.0,0.004,0.004,2.306,0.6324319921567215,2.079563480980941,0.008318253923923765,1.4583881739134
325,458.0,Charles,3.0,45.0,17.0,0.0,0.0,0.0,0.0,0.6324319921567215,2.079563480980941,0.0,0.0
326,459.0,Edozie,3.0,49.0,17.0,0.0,0.0,0.0,0.0,0.6324319921567215,2.079563480980941,0.0,0.0
327,461.0,Harwood-Bellis,2.0,41.0,17.0,0.016,0.04,0.05600000000000001,2.508,0.6324319921567215,2.079563480980941,0.11645555493493273,1.5861394363290575
328,462.0,Kamaldeen,3.0,50.0,17.0,0.064,0.03,0.094,1.016,0.6324319921567215,2.079563480980941,0.19547896721220848,0.6425509040312292
329,463.0,Lallana,3.0,50.0,17.0,0.0,0.008,0.008,0.21399999999999997,0.6324319921567215,2.079563480980941,0.01663650784784753,0.1353404463215384
330,468.0,Mara,4.0,50.0,17.0,0.0,0.0,0.0,0.0,0.6324319921567215,2.079563480980941,0.0,0.0
331,470.0,Onuachu,4.0,49.0,17.0,0.196,0.01,0.20600000000000002,1.23,0.6324319921567215,2.079563480980941,0.4283900770820739,0.7778913503527675
332,471.0,Smallbone,3.0,50.0,17.0,0.0,0.0,0.0,0.364,0.6324319921567215,2.079563480980941,0.0,0.23020524514504664
333,473.0,Stewart,4.0,44.0,17.0,0.0,0.0,0.0,0.0,0.6324319921567215,2.079563480980941,0.0,0.0
334,476.0,Walker-Peters,2.0,43.0,17.0,0.030000000000000006,0.15600000000000003,0.184,2.4880000000000004,0.6324319921567215,2.079563480980941,0.3826396805004932,1.5734907964859235
335,477.0,Wood,2.0,40.0,17.0,0.01,0.004,0.013999999999999999,1.428,0.6324319921567215,2.079563480980941,0.029113888733733176,0.9031128847997983
336,480.0,Bentancur,3.0,49.0,18.0,0.02,0.041999999999999996,0.06200000000000001,0.304,0.5835464461025043,2.2969066860675293,0.14240821453618685,0.1773981196151613
337,481.0,Bergvall,3.0,44.0,18.0,0.0,0.018,0.018,1.078,0.5835464461025043,2.2969066860675293,0.04134432034921553,0.6290630688984997
338,482.0,Bissouma,3.0,49.0,18.0,0.01,0.006,0.016,1.0899999999999999,0.5835464461025043,2.2969066860675293,0.03675050697708047,0.6360656262517296
339,483.0,Bryan,3.0,50.0,18.0,0.0,0.0,0.0,0.0,0.5835464461025043,2.2969066860675293,0.0,0.0
340,485.0,Devine,3.0,45.0,18.0,0.0,0.0,0.0,0.0,0.5835464461025043,2.2969066860675293,0.0,0.0
341,486.0,Dragusin,2.0,43.0,18.0,0.01,0.006,0.016,1.952,0.5835464461025043,2.2969066860675293,0.03675050697708047,1.1390826627920885
342,489.0,Gray,3.0,46.0,18.0,0.0,0.004,0.004,2.084,0.5835464461025043,2.2969066860675293,0.009187626744270117,1.216110793677619
343,490.0,Højbjerg,3.0,50.0,18.0,0.0,0.0,0.0,0.0,0.5835464461025043,2.2969066860675293,0.0,0.0
344,491.0,Johnson,3.0,64.0,18.0,0.186,0.076,0.262,1.284,0.5835464461025043,2.2969066860675293,0.6017895517496927,0.7492736367956155
345,492.0,Kulusevski,3.0,64.0,18.0,0.22800000000000004,0.14400000000000002,0.372,2.084,0.5835464461025043,2.2969066860675293,0.854449287217121,1.216110793677619
346,493.0,Lo Celso,3.0,49.0,18.0,0.0,0.0,0.0,0.0,0.5835464461025043,2.2969066860675293,0.0,0.0
347,494.0,Maddison,3.0,75.0,18.0,0.076,0.024,0.1,1.0779999999999998,0.5835464461025043,2.2969066860675293,0.22969066860675297,0.6290630688984995
348,495.0,Pedro Porro,2.0,54.0,18.0,0.018,0.136,0.154,1.866,0.5835464461025043,2.2969066860675293,0.3537236296543995,1.0888976684272733
349,497.0,Richarlison,4.0,68.0,18.0,0.0,0.018,0.018,0.06,0.5835464461025043,2.2969066860675293,0.04134432034921553,0.03501278676615026
350,499.0,P.M.Sarr,3.0,48.0,18.0,0.128,0.01,0.13799999999999998,1.416,0.5835464461025043,2.2969066860675293,0.31697312267731903,0.826301767681146
351,500.0,Scarlett,4.0,45.0,18.0,0.0,0.0,0.0,0.0,0.5835464461025043,2.2969066860675293,0.0,0.0
352,501.0,Skipp,3.0,47.0,11.0,0.0,0.004,0.004,0.18,0.6526137481083363,2.1662624250232945,0.008665049700093175,0.11747047465950052
353,502.0,Solomon,3.0,54.0,18.0,0.0,0.0,0.0,0.0,0.5835464461025043,2.2969066860675293,0.0,0.0
354,503.0,Son,3.0,98.0,18.0,0.23799999999999996,0.054000000000000006,0.292,1.402,0.5835464461025043,2.2969066860675293,0.6706967523317185,0.818132117435711
355,504.0,Spence,2.0,44.0,18.0,0.006,0.036000000000000004,0.042,1.9399999999999997,0.5835464461025043,2.2969066860675293,0.09647008081483624,1.1320801054388583
356,507.0,Veliz,4.0,50.0,18.0,0.0,0.0,0.0,0.0,0.5835464461025043,2.2969066860675293,0.0,0.0
357,509.0,Werner,3.0,62.0,18.0,0.0,0.012,0.012,0.62,0.5835464461025043,2.2969066860675293,0.027562880232810356,0.3617987965835527
358,511.0,Álvarez,3.0,50.0,19.0,0.016,0.01,0.026000000000000002,1.3059999999999998,0.6110822811278985,2.220659706399765,0.05773715236639389,0.7980734591530354
359,512.0,Antonio,4.0,53.0,19.0,0.0,0.0,0.0,0.0,0.6110822811278985,2.220659706399765,0.0,0.0
360,514.0,Bowen,3.0,73.0,19.0,0.292,0.05,0.34199999999999997,0.9199999999999999,0.6110822811278985,2.220659706399765,0.7594656195887195,0.5621956986376667
361,515.0,Cornet,3.0,47.0,17.0,0.0,0.0,0.0,0.0,0.6324319921567215,2.079563480980941,0.0,0.0
362,518.0,Downes,3.0,47.0,17.0,0.002,0.0,0.002,0.8300000000000001,0.6324319921567215,2.079563480980941,0.0041591269619618825,0.524918553490079
363,519.0,Earthy,3.0,45.0,19.0,0.0,0.0,0.0,0.0,0.6110822811278985,2.220659706399765,0.0,0.0
364,520.0,Emerson,2.0,44.0,19.0,0.014000000000000002,0.04,0.054000000000000006,1.158,0.6110822811278985,2.220659706399765,0.1199156241455873,0.7076332815461065
365,523.0,Ings,4.0,50.0,19.0,0.0,0.0,0.0,0.21800000000000003,0.6110822811278985,2.220659706399765,0.0,0.1332159372858819
366,524.0,Kilman,2.0,44.0,19.0,0.0,0.092,0.092,1.69,0.6110822811278985,2.220659706399765,0.20430069298877834,1.0327290551061485
367,525.0,Kudus,3.0,62.0,19.0,0.144,0.041999999999999996,0.186,1.584,0.6110822811278985,2.220659706399765,0.41304270539035626,0.9679543333065913
368,526.0,L.Guilherme,3.0,47.0,19.0,0.006,0.018,0.024,0.074,0.6110822811278985,2.220659706399765,0.05329583295359436,0.045220088803464495
369,527.0,L.Paquetá,3.0,57.0,19.0,0.176,0.134,0.30999999999999994,1.48,0.6110822811278985,2.220659706399765,0.6884045089839269,0.9044017760692898
370,528.0,Mavropanos,2.0,43.0,19.0,0.0,0.004,0.004,1.494,0.6110822811278985,2.220659706399765,0.008882638825599058,0.9129569280050805
371,530.0,Souček,3.0,49.0,19.0,0.164,0.05,0.21400000000000002,1.23,0.6110822811278985,2.220659706399765,0.4752211771695497,0.7516312057873152
372,531.0,Ward-Prowse,3.0,62.0,16.0,0.0,0.08,0.08,0.02,0.5894188497921059,2.2790606774344706,0.18232485419475766,0.011788376995842119
373,533.0,Aït-Nouri,2.0,48.0,20.0,0.032,0.08,0.11199999999999999,1.3800000000000001,0.6172101821717434,2.249528766564941,0.2519472218552734,0.8517500513970059
374,534.0,B.Traore,3.0,48.0,20.0,0.0,0.0,0.0,0.0,0.6172101821717434,2.249528766564941,0.0,0.0
375,535.0,Bellegarde,3.0,49.0,20.0,0.024,0.02,0.044,0.742,0.6172101821717434,2.249528766564941,0.0989792657288574,0.4579699551714336
376,537.0,Chiquinho,3.0,45.0,20.0,0.0,0.0,0.0,0.0,0.6172101821717434,2.249528766564941,0.0,0.0
377,538.0,Chirewa,3.0,45.0,20.0,0.0,0.0,0.0,0.0,0.6172101821717434,2.249528766564941,0.0,0.0
378,539.0,Chiwome,4.0,45.0,20.0,0.0,0.0,0.0,0.0,0.6172101821717434,2.249528766564941,0.0,0.0
379,540.0,Cundle,3.0,45.0,20.0,0.0,0.0,0.0,0.0,0.6172101821717434,2.249528766564941,0.0,0.0
380,541.0,Cunha,4.0,70.0,20.0,0.11600000000000002,0.158,0.274,0.8,0.6172101821717434,2.249528766564941,0.616370882038794,0.4937681457373947
381,543.0,Doherty,2.0,43.0,20.0,0.028000000000000004,0.032,0.06,1.562,0.6172101821717434,2.249528766564941,0.13497172599389648,0.9640823045522631
382,544.0,Doyle,3.0,48.0,20.0,0.002,0.02,0.022,0.42800000000000005,0.6172101821717434,2.249528766564941,0.0494896328644287,0.26416595796950615
383,545.0,Fábio Silva,4.0,50.0,20.0,0.0,0.0,0.0,0.0,0.6172101821717434,2.249528766564941,0.0,0.0
384,546.0,Fraser,4.0,45.0,20.0,0.0,0.0,0.0,0.0,0.6172101821717434,2.249528766564941,0.0,0.0
385,547.0,Gonzalez,3.0,44.0,20.0,0.0,0.0,0.0,0.0,0.6172101821717434,2.249528766564941,0.0,0.0
386,548.0,Guedes,3.0,53.0,20.0,0.11000000000000001,0.032,0.142,0.8719999999999999,0.6172101821717434,2.249528766564941,0.31943308485222166,0.5382072788537602
387,550.0,Hee Chan,3.0,61.0,20.0,0.154,0.032,0.186,0.762,0.6172101821717434,2.249528766564941,0.41841235058107906,0.47031415881486843
388,551.0,Hodge,3.0,45.0,20.0,0.0,0.0,0.0,0.0,0.6172101821717434,2.249528766564941,0.0,0.0
389,553.0,J.Gomes,3.0,49.0,20.0,0.11399999999999999,0.24000000000000005,0.35400000000000004,1.456,0.6172101821717434,2.249528766564941,0.7963331833639893,0.8986580252420583
390,554.0,José Sá,1.0,43.0,20.0,0.0,0.0,0.0,1.562,0.6172101821717434,2.249528766564941,0.0,0.9640823045522631
391,555.0,Kalajdžić,4.0,48.0,20.0,0.0,0.0,0.0,0.0,0.6172101821717434,2.249528766564941,0.0,0.0
392,557.0,Mario Jr.,3.0,49.0,20.0,0.0,0.008,0.008,0.298,0.6172101821717434,2.249528766564941,0.01799623013251953,0.1839286342871795
393,560.0,Neto,3.0,62.0,6.0,0.076,0.042,0.11800000000000001,0.748,0.6255894778795474,2.1856596711779996,0.25790784119900406,0.4679409294539014
394,562.0,Podence,3.0,55.0,20.0,0.0,0.0,0.0,0.0,0.6172101821717434,2.249528766564941,0.0,0.0
395,563.0,R.Gomes,3.0,52.0,20.0,0.062,0.10800000000000001,0.17,1.038,0.6172101821717434,2.249528766564941,0.38241989031604,0.6406641690942696
396,564.0,S.Bueno,2.0,43.0,20.0,0.048,0.01,0.05800000000000001,1.562,0.6172101821717434,2.249528766564941,0.13047266846076663,0.9640823045522631
397,565.0,Sarabia,3.0,50.0,20.0,0.074,0.018,0.092,0.22200000000000003,0.6172101821717434,2.249528766564941,0.20695664652397458,0.13702066044212705
398,566.0,Strand Larsen,4.0,54.0,20.0,0.384,0.006,0.39,1.218,0.6172101821717434,2.249528766564941,0.8773162189603271,0.7517620018851834
399,569.0,Jaden,3.0,53.0,10.0,0.0,0.0,0.0,0.0,0.6478809654337075,2.2108596711644704,0.0,0.0
400,570.0,A.Fatawu,3.0,52.0,11.0,0.0,0.0,0.0,0.0,0.6526137481083363,2.1662624250232945,0.0,0.0
401,571.0,Savinho,3.0,65.0,13.0,0.186,0.316,0.502,1.166,0.6079176654296888,2.2024553997978824,1.105632610698537,0.708831997891017
402,573.0,Milenković,2.0,48.0,16.0,0.066,0.0,0.066,1.214,0.5894188497921059,2.2790606774344706,0.15041800471067507,0.7155544836476165
403,576.0,Irving,3.0,48.0,19.0,0.0,0.002,0.002,0.304,0.6110822811278985,2.220659706399765,0.004441319412799529,0.18576901346288116
404,577.0,Lindstrøm,3.0,50.0,8.0,0.068,0.046,0.11399999999999998,0.514,0.6985796039589105,2.1313524132357777,0.24297417510887864,0.35906991643488
405,580.0,Huijsen,2.0,44.0,3.0,0.09,0.08,0.16999999999999998,1.406,0.6352273483713935,2.2140670829351765,0.37639140409898,0.8931296518101792
406,584.0,Brereton Díaz,3.0,49.0,17.0,0.0,0.0,0.0,0.0,0.6324319921567215,2.079563480980941,0.0,0.0
407,585.0,I.Sarr,3.0,59.0,7.0,0.188,0.26799999999999996,0.45599999999999996,1.6440000000000001,0.635662905468144,2.1737896933174117,0.9912481001527397,1.0450298165896288
408,587.0,Summerville,3.0,56.0,19.0,0.068,0.008,0.076,0.766,0.6110822811278985,2.220659706399765,0.1687701376863821,0.4680890273439703
409,588.0,G.Rodríguez,3.0,48.0,19.0,0.016,0.0,0.016,0.47200000000000003,0.6110822811278985,2.220659706399765,0.03553055530239623,0.2884308366923682
410,589.0,Füllkrug,4.0,67.0,19.0,0.12200000000000001,0.019999999999999997,0.14200000000000002,0.944,0.6110822811278985,2.220659706399765,0.31533367830876663,0.5768616733847363
411,590.0,Osula,4.0,49.0,15.0,0.0,0.0,0.0,0.16399999999999998,0.6110930475387185,2.2113856575508235,0.0,0.10021925979634982
412,594.0,Mazraoui,2.0,44.0,14.0,0.044000000000000004,0.026000000000000002,0.06999999999999999,1.6640000000000001,0.5831638514516191,2.154635607035412,0.1508244924924788,0.9703846488154942
413,595.0,Gruda,3.0,54.0,5.0,0.044,0.082,0.126,0.6439999999999999,0.6272405311272489,2.2539976540651767,0.28400370441221223,0.40394290204594824
414,596.0,Jota Silva,3.0,59.0,16.0,0.0,0.022,0.022,0.11800000000000001,0.5894188497921059,2.2790606774344706,0.05013933490355835,0.06955142427546851
415,597.0,Lewis-Skelly,3.0,45.0,1.0,0.0,0.014000000000000002,0.014000000000000002,0.4780000000000001,0.6103052267244654,2.288399657573882,0.03203759520603436,0.29172589837429447
416,600.0,Ayari,3.0,50.0,5.0,0.09,0.026000000000000002,0.11600000000000002,0.826,0.6272405311272489,2.2539976540651767,0.2614637278715605,0.5181006787111075
417,601.0,Moran,3.0,50.0,5.0,0.0,0.0,0.0,0.0,0.6272405311272489,2.2539976540651767,0.0,0.0
418,602.0,Trevitt,3.0,44.0,4.0,0.0,0.0,0.0,0.0,0.612377498067347,2.1146672650402354,0.0,0.0
419,603.0,Armstrong,3.0,45.0,8.0,0.074,0.0,0.074,0.09,0.6985796039589105,2.1313524132357777,0.15772007857944756,0.06287216435630194
420,604.0,King,3.0,45.0,9.0,0.04,0.12999999999999998,0.17,0.057999999999999996,0.6559235087265823,2.1360730152468235,0.36313241259196,0.03804356350614177
421,605.0,Godo,3.0,44.0,9.0,0.0,0.0,0.0,0.01,0.6559235087265823,2.1360730152468235,0.0,0.006559235087265823
422,606.0,Alves,3.0,45.0,11.0,0.0,0.0,0.0,0.0,0.6526137481083363,2.1662624250232945,0.0,0.0
423,607.0,O’Reilly,3.0,49.0,13.0,0.0,0.0,0.0,0.0,0.6079176654296888,2.2024553997978824,0.0,0.0
424,608.0,Dibling,3.0,45.0,17.0,0.202,0.019999999999999997,0.22200000000000003,1.636,0.6324319921567215,2.079563480980941,0.461663092777769,1.0346587391683963
425,609.0,Lankshear,4.0,45.0,18.0,0.0,0.0,0.0,0.0,0.5835464461025043,2.2969066860675293,0.0,0.0
426,610.0,Moore,3.0,45.0,18.0,0.0,0.0,0.0,0.0,0.5835464461025043,2.2969066860675293,0.0,0.0
427,611.0,Szmodics,3.0,58.0,10.0,0.11000000000000001,0.01,0.12000000000000002,1.06,0.6478809654337075,2.2108596711644704,0.2653031605397365,0.68675382335973
428,612.0,Odobert,3.0,53.0,18.0,0.0,0.0,0.0,0.0,0.5835464461025043,2.2969066860675293,0.0,0.0
429,613.0,Collyer,3.0,45.0,14.0,0.0,0.002,0.002,0.041999999999999996,0.5831638514516191,2.154635607035412,0.0043092712140708235,0.024492881760968005
430,614.0,Metcalfe,3.0,45.0,8.0,0.0,0.0,0.0,0.0,0.6985796039589105,2.1313524132357777,0.0,0.0
431,617.0,Evanilson,4.0,57.0,3.0,0.11800000000000001,0.05800000000000001,0.17600000000000002,0.6940000000000001,0.6352273483713935,2.2140670829351765,0.3896758065965911,0.4408477797697472
432,618.0,Georginio,3.0,51.0,5.0,0.068,0.04,0.10800000000000001,0.24600000000000002,0.6272405311272489,2.2539976540651767,0.24343174663903908,0.15430117065730323
433,619.0,Cajuste,3.0,45.0,10.0,0.01,0.01,0.02,1.65,0.6478809654337075,2.2108596711644704,0.044217193423289405,1.0690035929656172
434,620.0,Sosa,3.0,55.0,16.0,0.046,0.0,0.046,0.098,0.5894188497921059,2.2790606774344706,0.10483679116198565,0.05776304727962638
435,621.0,João Félix,3.0,60.0,6.0,0.09,0.018,0.10800000000000001,0.32399999999999995,0.6255894778795474,2.1856596711779996,0.23605124448722403,0.20269099083297332
436,622.0,Berge,3.0,50.0,9.0,0.0,0.004,0.004,0.041999999999999996,0.6559235087265823,2.1360730152468235,0.008544292060987294,0.027548787366516454
437,623.0,M.Fernandes,3.0,50.0,17.0,0.258,0.158,0.41600000000000004,1.26,0.6324319921567215,2.079563480980941,0.8650984080880716,0.7968643101174692
438,625.0,Gündogan,3.0,64.0,13.0,0.0,0.14200000000000002,0.14200000000000002,0.724,0.6079176654296888,2.2024553997978824,0.3127486667712993,0.44013238977109465
439,629.0,O'Riley,3.0,55.0,5.0,0.074,0.10200000000000001,0.176,0.32599999999999996,0.6272405311272489,2.2539976540651767,0.396703587115471,0.2044804131474831
440,630.0,O'Shea,2.0,40.0,10.0,0.022,0.002,0.024,1.896,0.6478809654337075,2.2108596711644704,0.05306063210794729,1.2283823104623095
441,631.0,J.Clarke,3.0,54.0,10.0,0.014000000000000002,0.002,0.016,0.266,0.6478809654337075,2.2108596711644704,0.035373754738631524,0.1723363368053662
442,632.0,Ogbene,3.0,48.0,10.0,0.0,0.0,0.0,0.0,0.6478809654337075,2.2108596711644704,0.0,0.0
443,633.0,Merino,3.0,60.0,1.0,0.164,0.032,0.196,0.41600000000000004,0.6103052267244654,2.288399657573882,0.44852633288448096,0.2538869743173776
444,634.0,G.Nunes,3.0,49.0,4.0,0.0,0.0,0.0,0.0,0.612377498067347,2.1146672650402354,0.0,0.0
445,635.0,El Khannouss,3.0,48.0,11.0,0.03,0.028000000000000004,0.057999999999999996,1.126,0.6526137481083363,2.1662624250232945,0.12564322065135103,0.7348430803699866
446,636.0,Chiesa,3.0,68.0,12.0,0.0,0.0,0.0,0.0,0.5626444749088549,2.288111267652111,0.0,0.0
447,638.0,Oulad M'hand,3.0,45.0,1.0,0.0,0.0,0.0,0.0,0.6103052267244654,2.288399657573882,0.0,0.0
448,642.0,André,3.0,50.0,20.0,0.0,0.018,0.018,0.932,0.6172101821717434,2.249528766564941,0.04049151779816894,0.5752398897840648
449,644.0,Umeh-Chibueze,3.0,44.0,7.0,0.0,0.0,0.0,0.0,0.635662905468144,2.1737896933174117,0.0,0.0
450,645.0,Devenny,3.0,45.0,7.0,0.0,0.006,0.006,0.08,0.635662905468144,2.1737896933174117,0.01304273815990447,0.05085303243745152
451,646.0,Agbinone,3.0,45.0,7.0,0.0,0.0,0.0,0.0,0.635662905468144,2.1737896933174117,0.0,0.0
452,647.0,Rodney,3.0,45.0,7.0,0.0,0.0,0.0,0.0,0.635662905468144,2.1737896933174117,0.0,0.0
453,648.0,Wheatley,4.0,45.0,14.0,0.0,0.0,0.0,0.0,0.5831638514516191,2.154635607035412,0.0,0.0
454,650.0,Lacroix,2.0,45.0,7.0,0.05,0.006,0.05600000000000001,1.6440000000000001,0.635662905468144,2.1737896933174117,0.12173222282577507,1.0450298165896288
455,651.0,Mangala,3.0,50.0,8.0,0.1,0.016,0.116,1.406,0.6985796039589105,2.1313524132357777,0.24723687993535023,0.982202923166228
456,652.0,Ugarte,3.0,49.0,14.0,0.044,0.014000000000000002,0.057999999999999996,0.9519999999999998,0.5831638514516191,2.154635607035412,0.12496886520805388,0.5551719865819414
457,654.0,C.Soler,3.0,50.0,19.0,0.078,0.012,0.09,0.9039999999999999,0.6110822811278985,2.220659706399765,0.19985937357597883,0.5524183821396202
458,655.0,Forbs,3.0,55.0,20.0,0.008,0.002,0.01,0.44399999999999995,0.6172101821717434,2.249528766564941,0.022495287665649413,0.27404132088425404
459,656.0,Young,3.0,45.0,2.0,0.0,0.0,0.0,0.0,0.6622516186001824,2.1946698367804705,0.0,0.0
460,659.0,Kabia,3.0,45.0,1.0,0.0,0.0,0.0,0.0,0.6103052267244654,2.288399657573882,0.0,0.0
461,661.0,Yogane,3.0,45.0,4.0,0.0,0.0,0.0,0.0,0.612377498067347,2.1146672650402354,0.0,0.0
462,665.0,Butler-Oyedeji,4.0,45.0,1.0,0.0,0.0,0.0,0.0,0.6103052267244654,2.288399657573882,0.0,0.0
463,667.0,Fletcher,3.0,45.0,14.0,0.0,0.0,0.0,0.0,0.5831638514516191,2.154635607035412,0.0,0.0
464,671.0,Wright,3.0,45.0,13.0,0.0,0.0,0.0,0.0,0.6079176654296888,2.2024553997978824,0.0,0.0
465,673.0,Fitzgerald,3.0,45.0,14.0,0.0,0.0,0.0,0.0,0.5831638514516191,2.154635607035412,0.0,0.0
466,674.0,Maghoma,3.0,45.0,4.0,0.0,0.006,0.006,0.022,0.612377498067347,2.1146672650402354,0.012688003590241413,0.013472304957481633
467,676.0,Marsh,4.0,45.0,7.0,0.0,0.0,0.0,0.0,0.635662905468144,2.1737896933174117,0.0,0.0
468,678.0,Bates,3.0,45.0,8.0,0.0,0.0,0.0,0.0,0.6985796039589105,2.1313524132357777,0.0,0.0
469,679.0,Broggio,3.0,45.0,2.0,0.0,0.0,0.0,0.0,0.6622516186001824,2.1946698367804705,0.0,0.0
470,682.0,Edozie,3.0,45.0,20.0,0.0,0.0,0.0,0.0,0.6172101821717434,2.249528766564941,0.0,0.0
471,683.0,Olusesi,3.0,45.0,18.0,0.0,0.0,0.0,0.0,0.5835464461025043,2.2969066860675293,0.0,0.0
472,687.0,Winterburn,3.0,45.0,3.0,0.0,0.0,0.0,0.0,0.6352273483713935,2.2140670829351765,0.0,0.0
473,688.0,Nyoni,3.0,45.0,12.0,0.0,0.0,0.0,0.0,0.5626444749088549,2.288111267652111,0.0,0.0
474,689.0,Williams-Barnett,3.0,45.0,18.0,0.0,0.0,0.0,0.0,0.5835464461025043,2.2969066860675293,0.0,0.0
475,693.0,O'Brien-Whitmarsh,3.0,45.0,17.0,0.0,0.0,0.0,0.0,0.6324319921567215,2.079563480980941,0.0,0.0
476,694.0,Cartwright,3.0,45.0,11.0,0.0,0.0,0.0,0.0,0.6526137481083363,2.1662624250232945,0.0,0.0
477,695.0,Rak-Sakyi,3.0,45.0,6.0,0.0,0.0,0.0,0.0,0.6255894778795474,2.1856596711779996,0.0,0.0
478,696.0,George,3.0,45.0,6.0,0.0,0.0,0.0,0.0,0.6255894778795474,2.1856596711779996,0.0,0.0
479,698.0,Mubama,4.0,45.0,13.0,0.0,0.0,0.0,0.0,0.6079176654296888,2.2024553997978824,0.0,0.0
480,701.0,Orford,3.0,45.0,19.0,0.0,0.0,0.0,0.0,0.6110822811278985,2.220659706399765,0.0,0.0
481,707.0,Rees-Dottin,4.0,45.0,3.0,0.0,0.0,0.0,0.0,0.6352273483713935,2.2140670829351765,0.0,0.0
482,709.0,Danns,4.0,45.0,12.0,0.0,0.0,0.0,0.0,0.5626444749088549,2.288111267652111,0.0,0.0
483,710.0,Jimoh,3.0,45.0,2.0,0.0,0.0,0.0,0.0,0.6622516186001824,2.1946698367804705,0.0,0.0
484,714.0,Gómez,3.0,55.0,5.0,0.0,0.0,0.0,0.0,0.6272405311272489,2.2539976540651767,0.0,0.0
485,716.0,Kinsky,1.0,45.0,18.0,0.0,0.0,0.0,1.45,0.5835464461025043,2.2969066860675293,0.0,0.8461423468486312
486,717.0,Yang,3.0,45.0,18.0,0.0,0.0,0.0,0.0,0.5835464461025043,2.2969066860675293,0.0,0.0
487,720.0,Agbadou,2.0,40.0,20.0,0.0,0.01,0.01,2.11,0.6172101821717434,2.249528766564941,0.022495287665649413,1.3023134843823785
488,722.0,Adu-Adjei,4.0,45.0,3.0,0.0,0.0,0.0,0.0,0.6352273483713935,2.2140670829351765,0.0,0.0
489,723.0,Sadi,3.0,45.0,3.0,0.0,0.0,0.0,0.0,0.6352273483713935,2.2140670829351765,0.0,0.0
490,724.0,Sherif,4.0,45.0,8.0,0.0,0.0,0.0,0.0,0.6985796039589105,2.1313524132357777,0.0,0.0
