,playerid,web_name,element_type_x,now_cost,team,expected_goals.gw,expected_assists.gw,expected_goal_involvements.gw,expected_goals_conceded.gw,XGI_Weighted,XGC_Weighted,AttackOpp_pergame,DefenceOpp_pergame,element,position,multiplier,is_captain,is_vice_captain,element_type_y,IsInCurrentTeam
0,1.0,Fábio Vieira,3.0,54.0,1.0,0.0,0.0,0.0,0.0,0.47518095087430207,2.418295184445,0.0,0.0,,,,,,,N
1,2.0,G.Jesus,4.0,68.0,1.0,0.2425,0.0325,0.275,0.3925,0.47518095087430207,2.418295184445,0.665031175722375,0.18650852321816358,,,,,,,N
2,3.0,Gabriel,2.0,63.0,1.0,0.165,0.025,0.19,0.46,0.47518095087430207,2.418295184445,0.45947608504455,0.21858323740217897,,,,,,,N
3,4.0,Havertz,4.0,79.0,1.0,0.5900000000000001,0.0475,0.6375,0.485,0.47518095087430207,2.418295184445,1.5416631800836873,0.2304627611740365,,,,,,,N
4,6.0,J.Timber,2.0,57.0,1.0,0.01,0.1,0.11000000000000001,0.49,0.47518095087430207,2.418295184445,0.26601247028895003,0.23283866592840802,,,,,,,N
5,7.0,Jorginho,3.0,47.0,1.0,0.0,0.015,0.015,0.04,0.47518095087430207,2.418295184445,0.036274427766675,0.019007238034972083,,,,,,,N
6,9.0,Martinelli,3.0,68.0,1.0,0.195,0.1775,0.3725,0.49,0.47518095087430207,2.418295184445,0.9008149562057625,0.23283866592840802,,,,,,,N
7,10.0,Nelson,3.0,50.0,9.0,0.0,0.0,0.0,0.0,0.3656553324234515,3.0260199270568746,0.0,0.0,,,,,,,N
8,11.0,Nketiah,4.0,59.0,7.0,0.1175,0.0175,0.135,0.095,0.3924039726073756,2.85942161927,0.38602191860145,0.03727837739770068,,,,,,,N
9,12.0,Nwaneri,3.0,45.0,1.0,0.0,0.0225,0.0225,0.01,0.47518095087430207,2.418295184445,0.0544116416500125,0.004751809508743021,,,,,,,N
10,13.0,Ødegaard,3.0,84.0,1.0,0.19,0.15,0.33999999999999997,0.5,0.47518095087430207,2.418295184445,0.8222203627112998,0.23759047543715103,,,,,,,N
11,15.0,Raya,1.0,56.0,1.0,0.0,0.0,0.0,0.5,0.47518095087430207,2.418295184445,0.0,0.23759047543715103,15.0,1.0,1.0,False,False,1.0,Y
12,16.0,Rice,3.0,62.0,1.0,0.105,0.255,0.36,0.0825,0.47518095087430207,2.418295184445,0.8705862664002,0.03920242844712992,,,,,,,N
13,17.0,Saka,3.0,103.0,1.0,0.105,0.1675,0.27249999999999996,0.2475,0.47518095087430207,2.418295184445,0.6589854377612624,0.11760728534138977,,,,,,,N
14,18.0,Saliba,2.0,63.0,1.0,0.2975,0.02,0.3175,0.5,0.47518095087430207,2.418295184445,0.7678087210612875,0.23759047543715103,,,,,,,N
15,19.0,Smith Rowe,3.0,54.0,9.0,0.0,0.005,0.005,0.655,0.3656553324234515,3.0260199270568746,0.015130099635284375,0.23950424273736076,,,,,,,N
16,20.0,Thomas,3.0,50.0,1.0,0.0625,0.05,0.1125,0.47250000000000003,0.47518095087430207,2.418295184445,0.2720582082500625,0.22452299928810773,,,,,,,N
17,23.0,Trossard,3.0,68.0,1.0,0.0475,0.235,0.28250000000000003,0.26,0.47518095087430207,2.418295184445,0.6831683896057126,0.12354704722731855,,,,,,,N
18,27.0,Archer,4.0,50.0,17.0,0.0575,0.055,0.11249999999999999,0.595,0.4122796516735227,2.02466982259,0.22777535504137497,0.245306392745746,,,,,,,N
19,28.0,Bailey,3.0,62.0,2.0,0.0,0.05,0.05,0.1275,0.3887056561105774,2.097986562605,0.10489932813025,0.04955997115409862,,,,,,,N
20,29.0,Barkley,3.0,52.0,2.0,0.115,0.022500000000000003,0.1375,0.1525,0.3887056561105774,2.097986562605,0.2884731523581875,0.05927761255686305,,,,,,,N
21,30.0,Barrenechea,3.0,49.0,2.0,0.0,0.0,0.0,0.0,0.3887056561105774,2.097986562605,0.0,0.0,,,,,,,N
22,31.0,Buendia,3.0,51.0,2.0,0.0,0.0,0.0,0.14250000000000002,0.3887056561105774,2.097986562605,0.0,0.05539055599575728,,,,,,,N
23,32.0,Cash,2.0,44.0,2.0,0.0325,0.1125,0.14500000000000002,1.3250000000000002,0.3887056561105774,2.097986562605,0.304208051577725,0.5150349943465151,,,,,,,N
24,33.0,Dendoncker,3.0,45.0,2.0,0.0,0.0,0.0,0.0,0.3887056561105774,2.097986562605,0.0,0.0,,,,,,,N
25,34.0,Diaby,3.0,65.0,2.0,0.0,0.0,0.0,0.0,0.3887056561105774,2.097986562605,0.0,0.0,,,,,,,N
26,36.0,Digne,2.0,46.0,2.0,0.0125,0.155,0.16749999999999998,1.3575,0.3887056561105774,2.097986562605,0.3514127492363375,0.5276679281701088,,,,,,,N
27,37.0,Dobbin,3.0,50.0,2.0,0.0,0.0,0.0,0.0,0.3887056561105774,2.097986562605,0.0,0.0,,,,,,,N
28,38.0,Duran,4.0,59.0,2.0,0.4175,0.005,0.4225,0.53,0.3887056561105774,2.097986562605,0.8863993227006124,0.20601399773860601,,,,,,,N
29,41.0,Iling Jr,3.0,54.0,2.0,0.0,0.0,0.0,0.0,0.3887056561105774,2.097986562605,0.0,0.0,,,,,,,N
30,42.0,Kamara,3.0,50.0,2.0,0.0175,0.02,0.0375,1.3475000000000001,0.3887056561105774,2.097986562605,0.0786744960976875,0.5237808716090031,,,,,,,N
31,44.0,Konsa,2.0,44.0,2.0,0.06,0.0075,0.0675,1.475,0.3887056561105774,2.097986562605,0.1416140929758375,0.5733408427631016,,,,,,,N
32,47.0,Martinez,1.0,50.0,2.0,0.0,0.0,0.0,1.475,0.3887056561105774,2.097986562605,0.0,0.5733408427631016,,,,,,,N
33,48.0,McGinn,3.0,52.0,2.0,0.1175,0.1675,0.285,1.4075000000000002,0.3887056561105774,2.097986562605,0.5979261703424249,0.5471032109756377,,,,,,,N
34,52.0,Pau,2.0,43.0,2.0,0.0675,0.0175,0.085,1.475,0.3887056561105774,2.097986562605,0.17832885782142502,0.5733408427631016,,,,,,,N
35,53.0,Ramsey,3.0,54.0,2.0,0.0,0.0,0.0,0.0,0.3887056561105774,2.097986562605,0.0,0.0,,,,,,,N
36,54.0,Rogers,3.0,55.0,2.0,0.1275,0.21250000000000002,0.33999999999999997,1.3325,0.3887056561105774,2.097986562605,0.7133154312857,0.5179502867673444,,,,,,,N
37,57.0,Tielemans,3.0,55.0,2.0,0.0,0.1475,0.1475,0.7625,0.3887056561105774,2.097986562605,0.30945301798423747,0.29638806278431523,,,,,,,N
38,58.0,Watkins,4.0,88.0,2.0,0.11499999999999999,0.105,0.22,0.8200000000000001,0.3887056561105774,2.097986562605,0.46155704377310003,0.3187386380106735,58.0,14.0,0.0,False,False,4.0,Y
39,60.0,Adams,3.0,49.0,3.0,0.01,0.0075,0.0175,0.795,0.48313075312553994,1.92051863233125,0.033609076065796877,0.38408894873480426,,,,,,,N
40,61.0,Anthony,3.0,45.0,3.0,0.0,0.0,0.0,0.0,0.48313075312553994,1.92051863233125,0.0,0.0,,,,,,,N
41,62.0,Brooks,3.0,49.0,3.0,0.085,0.005,0.09000000000000001,0.44499999999999995,0.48313075312553994,1.92051863233125,0.17284667690981254,0.21499318514086524,,,,,,,N
42,63.0,Christie,3.0,49.0,3.0,0.0675,0.2,0.2675,1.5274999999999999,0.48313075312553994,1.92051863233125,0.5137387341486094,0.7379822253992622,,,,,,,N
43,64.0,Cook,3.0,50.0,3.0,0.025,0.0525,0.0775,1.3,0.48313075312553994,1.92051863233125,0.1488401940056719,0.6280699790632019,,,,,,,N
44,65.0,Enes Ünal,4.0,54.0,3.0,0.33999999999999997,0.02,0.36,0.6025,0.48313075312553994,1.92051863233125,0.69138670763925,0.29108627875813786,,,,,,,N
45,66.0,Faivre,3.0,50.0,3.0,0.0,0.0,0.0,0.0,0.48313075312553994,1.92051863233125,0.0,0.0,,,,,,,N
46,67.0,H.Traorè,3.0,45.0,3.0,0.0,0.0,0.0,0.0,0.48313075312553994,1.92051863233125,0.0,0.0,,,,,,,N
47,69.0,Jebbison,4.0,45.0,3.0,0.0,0.0,0.0,0.0,0.48313075312553994,1.92051863233125,0.0,0.0,,,,,,,N
48,70.0,Kerkez,2.0,47.0,3.0,0.04,0.06,0.1,1.5525,0.48313075312553994,1.92051863233125,0.192051863233125,0.7500604942274007,,,,,,,N
49,71.0,Kluivert,3.0,55.0,3.0,0.335,0.0375,0.3725,1.0175,0.48313075312553994,1.92051863233125,0.7153931905433906,0.4915855413052369,,,,,,,N
50,74.0,O.Dango,3.0,50.0,3.0,0.34750000000000003,0.125,0.47250000000000003,1.3375,0.48313075312553994,1.92051863233125,0.9074450537765157,0.6461873823054096,,,,,,,N
51,76.0,Philip,3.0,48.0,3.0,0.085,0.11499999999999999,0.2,0.46,0.48313075312553994,1.92051863233125,0.38410372646625,0.2222401464377484,,,,,,,N
52,77.0,Scott,3.0,47.0,3.0,0.0,0.0,0.0,0.0,0.48313075312553994,1.92051863233125,0.0,0.0,,,,,,,N
53,78.0,Semenyo,3.0,56.0,3.0,0.28,0.0625,0.3425,1.1575,0.48313075312553994,1.92051863233125,0.6577776315734531,0.5592238467428124,78.0,6.0,1.0,False,False,3.0,Y
54,80.0,Sinisterra,3.0,48.0,3.0,0.0,0.0,0.0,0.0,0.48313075312553994,1.92051863233125,0.0,0.0,,,,,,,N
55,82.0,Solanke,4.0,75.0,18.0,0.4525,0.060000000000000005,0.5125,2.3449999999999998,0.5285269848628942,1.27004472104875,0.6508979195374843,1.2393957795034867,,,,,,,N
56,83.0,Tavernier,3.0,54.0,3.0,0.2525,0.0175,0.27,0.2825,0.48313075312553994,1.92051863233125,0.5185400307294376,0.13648443775796504,,,,,,,N
57,85.0,Zabarnyi,2.0,44.0,3.0,0.03,0.0475,0.0775,1.5525,0.48313075312553994,1.92051863233125,0.1488401940056719,0.7500604942274007,,,,,,,N
58,87.0,Brierley,3.0,44.0,4.0,0.0,0.0,0.0,0.0,0.6681291324528429,1.6863001004858333,0.0,0.0,,,,,,,N
59,88.0,Collins,2.0,46.0,4.0,0.07250000000000001,0.065,0.1375,1.475,0.6681291324528429,1.6863001004858333,0.2318662638168021,0.9854904703679433,,,,,,,N
60,89.0,Damsgaard,3.0,50.0,4.0,0.0925,0.16,0.2525,1.115,0.6681291324528429,1.6863001004858333,0.4257907753726729,0.7449639826849198,,,,,,,N
61,90.0,Dasilva,3.0,48.0,4.0,0.0,0.0,0.0,0.0,0.6681291324528429,1.6863001004858333,0.0,0.0,,,,,,,N
62,91.0,Flekken,1.0,45.0,4.0,0.0,0.0125,0.0125,1.3175,0.6681291324528429,1.6863001004858333,0.02107875125607292,0.8802601320066205,,,,,,,N
63,94.0,Janelt,3.0,49.0,4.0,0.02,0.19,0.21,0.6075,0.6681291324528429,1.6863001004858333,0.354123021102025,0.4058884479651021,,,,,,,N
64,95.0,Jensen,3.0,53.0,4.0,0.0,0.0,0.0,0.0,0.6681291324528429,1.6863001004858333,0.0,0.0,,,,,,,N
65,97.0,Konak,3.0,45.0,4.0,0.0,0.0,0.0,0.0,0.6681291324528429,1.6863001004858333,0.0,0.0,,,,,,,N
66,98.0,Lewis-Potter,3.0,50.0,4.0,0.09999999999999999,0.042499999999999996,0.14250000000000002,1.44,0.6681291324528429,1.6863001004858333,0.24029776431923128,0.9621059507320938,,,,,,,N
67,99.0,Mbeumo,3.0,76.0,4.0,0.2525,0.2525,0.505,1.475,0.6681291324528429,1.6863001004858333,0.8515815507453458,0.9854904703679433,,,,,,,N
68,101.0,Nørgaard,3.0,48.0,4.0,0.11,0.0475,0.1575,1.395,0.6681291324528429,1.6863001004858333,0.26559226582651874,0.932040139771716,,,,,,,N
69,102.0,Onyeka,3.0,49.0,4.0,0.0,0.0,0.0,0.0,0.6681291324528429,1.6863001004858333,0.0,0.0,,,,,,,N
70,103.0,Peart-Harris,3.0,45.0,4.0,0.0,0.0,0.0,0.0,0.6681291324528429,1.6863001004858333,0.0,0.0,,,,,,,N
71,106.0,Schade,3.0,51.0,4.0,0.125,0.045,0.17,0.6975,0.6681291324528429,1.6863001004858333,0.2866710170825917,0.466020069885858,,,,,,,N
72,107.0,Thiago,4.0,59.0,4.0,0.0,0.0025,0.0025,0.27,0.6681291324528429,1.6863001004858333,0.004215750251214583,0.1803948657622676,,,,,,,N
73,108.0,Toney,4.0,73.0,4.0,0.0,0.0,0.0,0.0,0.6681291324528429,1.6863001004858333,0.0,0.0,,,,,,,N
74,110.0,Wissa,4.0,62.0,4.0,0.14250000000000002,0.030000000000000002,0.17250000000000001,1.3675,0.6681291324528429,1.6863001004858333,0.29088676733380625,0.9136665886292626,,,,,,,N
75,111.0,Yarmoliuk,3.0,44.0,4.0,0.0225,0.0375,0.06,0.9574999999999999,0.6681291324528429,1.6863001004858333,0.10117800602915,0.639733644323597,,,,,,,N
76,113.0,Adingra,3.0,52.0,5.0,0.0,0.035,0.035,0.3425,0.5049359294736673,1.993011400645,0.06975539902257501,0.17294055584473106,,,,,,,N
77,114.0,Baker-Boaitey,3.0,45.0,5.0,0.0,0.0,0.0,0.0,0.5049359294736673,1.993011400645,0.0,0.0,,,,,,,N
78,115.0,Baleba,3.0,50.0,5.0,0.0225,0.055,0.0775,1.0825,0.5049359294736673,1.993011400645,0.15445838354998748,0.5465931436552448,,,,,,,N
79,117.0,Buonanotte,3.0,49.0,11.0,0.0,0.0,0.0,0.1775,0.44916880364584016,2.2247408761325,0.0,0.07972746264713662,,,,,,,N
80,118.0,Cozier-Duberry,3.0,45.0,5.0,0.0,0.0,0.0,0.0,0.5049359294736673,1.993011400645,0.0,0.0,,,,,,,N
81,119.0,Dahoud,3.0,49.0,5.0,0.0,0.0,0.0,0.0,0.5049359294736673,1.993011400645,0.0,0.0,,,,,,,N
82,120.0,Dunk,2.0,44.0,5.0,0.08499999999999999,0.05,0.135,1.465,0.5049359294736673,1.993011400645,0.269056539087075,0.7397311366789225,,,,,,,N
83,121.0,Enciso,3.0,54.0,5.0,0.21500000000000002,0.0225,0.2375,0.6575,0.5049359294736673,1.993011400645,0.47334020765318746,0.3319953736289362,,,,,,,N
84,122.0,Estupiñan,2.0,51.0,5.0,0.030000000000000002,0.11,0.14,1.465,0.5049359294736673,1.993011400645,0.27902159609030003,0.7397311366789225,,,,,,,N
85,123.0,Ferguson,4.0,55.0,5.0,0.08,0.0975,0.1775,0.465,0.5049359294736673,1.993011400645,0.3537595236144875,0.2347952072052553,,,,,,,N
86,124.0,Gilmour,3.0,50.0,5.0,0.0,0.0,0.0,0.0,0.5049359294736673,1.993011400645,0.0,0.0,,,,,,,N
87,125.0,Gross,3.0,65.0,5.0,0.0,0.0,0.0,0.0,0.5049359294736673,1.993011400645,0.0,0.0,,,,,,,N
88,126.0,Hinshelwood,3.0,49.0,5.0,0.0,0.0,0.0,0.0,0.5049359294736673,1.993011400645,0.0,0.0,,,,,,,N
89,127.0,I.Osman,3.0,50.0,5.0,0.0,0.0,0.0,0.0,0.5049359294736673,1.993011400645,0.0,0.0,,,,,,,N
90,129.0,João Pedro,4.0,57.0,5.0,0.1225,0.1075,0.23,1.2175,0.5049359294736673,1.993011400645,0.45839262214834997,0.61475949413419,,,,,,,N
91,130.0,Kozlowski,3.0,45.0,5.0,0.0,0.0,0.0,0.0,0.5049359294736673,1.993011400645,0.0,0.0,,,,,,,N
92,132.0,March,3.0,65.0,5.0,0.0175,0.0,0.0175,0.0,0.5049359294736673,1.993011400645,0.034877699511287504,0.0,,,,,,,N
93,133.0,Mazilu,3.0,45.0,5.0,0.0,0.0,0.0,0.0,0.5049359294736673,1.993011400645,0.0,0.0,,,,,,,N
94,134.0,Milner,3.0,50.0,5.0,0.0,0.0,0.0,0.0,0.5049359294736673,1.993011400645,0.0,0.0,,,,,,,N
95,135.0,Minteh,3.0,51.0,5.0,0.1125,0.115,0.2275,0.845,0.5049359294736673,1.993011400645,0.4534100936467375,0.4266708604052488,,,,,,,N
96,136.0,Mitoma,3.0,65.0,5.0,0.1125,0.13999999999999999,0.2525,1.0825,0.5049359294736673,1.993011400645,0.5032353786628625,0.5465931436552448,136.0,9.0,1.0,False,False,3.0,Y
97,137.0,Moder,3.0,44.0,5.0,0.0,0.0,0.0,0.0,0.5049359294736673,1.993011400645,0.0,0.0,,,,,,,N
98,138.0,O’Mahony,4.0,45.0,5.0,0.0,0.0,0.0,0.0,0.5049359294736673,1.993011400645,0.0,0.0,,,,,,,N
99,140.0,Peupion,3.0,44.0,5.0,0.0,0.0,0.0,0.0,0.5049359294736673,1.993011400645,0.0,0.0,,,,,,,N
100,141.0,Sarmiento,3.0,49.0,5.0,0.0,0.0,0.0,0.0,0.5049359294736673,1.993011400645,0.0,0.0,,,,,,,N
101,143.0,Undav,4.0,55.0,5.0,0.0,0.0,0.0,0.0,0.5049359294736673,1.993011400645,0.0,0.0,,,,,,,N
102,144.0,Van Hecke,2.0,45.0,5.0,0.02,0.035,0.055,1.465,0.5049359294736673,1.993011400645,0.109615627035475,0.7397311366789225,,,,,,,N
103,146.0,Verbruggen,1.0,45.0,5.0,0.0,0.0,0.0,1.465,0.5049359294736673,1.993011400645,0.0,0.7397311366789225,,,,,,,N
104,148.0,Welbeck,4.0,56.0,5.0,0.0675,0.0025,0.07,0.25,0.5049359294736673,1.993011400645,0.13951079804515001,0.12623398236841682,,,,,,,N
105,149.0,Wieffer,3.0,47.0,5.0,0.0475,0.0125,0.06,0.45999999999999996,0.5049359294736673,1.993011400645,0.1195806840387,0.2322705275578869,,,,,,,N
106,150.0,Andrey Santos,3.0,45.0,6.0,0.0,0.0,0.0,0.0,0.3665802721747495,2.662438397756875,0.0,0.0,,,,,,,N
107,151.0,Ângelo,3.0,45.0,6.0,0.0,0.0,0.0,0.0,0.3665802721747495,2.662438397756875,0.0,0.0,,,,,,,N
108,152.0,Arrizabalaga,1.0,45.0,3.0,0.0,0.0,0.0,1.5525,0.48313075312553994,1.92051863233125,0.0,0.7500604942274007,,,,,,,N
109,156.0,Broja,4.0,54.0,8.0,0.0,0.0033333333333333335,0.0033333333333333335,0.09000000000000001,0.48596588454780715,2.329317238936875,0.007764390796456249,0.043736929609302644,,,,,,,N
110,157.0,Caicedo,3.0,49.0,6.0,0.0025,0.0375,0.04,1.83,0.3665802721747495,2.662438397756875,0.106497535910275,0.6708418980797916,,,,,,,N
111,158.0,Casadei,3.0,44.0,6.0,0.0,0.0,0.0,0.0,0.3665802721747495,2.662438397756875,0.0,0.0,,,,,,,N
112,159.0,Chalobah,2.0,44.0,7.0,0.1275,0.005,0.1325,0.98,0.3924039726073756,2.85942161927,0.378873364553275,0.3845558931552281,,,,,,,N
113,161.0,Chukwuemeka,3.0,48.0,6.0,0.0,0.0,0.0,0.0,0.3665802721747495,2.662438397756875,0.0,0.0,,,,,,,N
114,162.0,Colwill,2.0,46.0,6.0,0.0475,0.025,0.07250000000000001,1.83,0.3665802721747495,2.662438397756875,0.19302678383737348,0.6708418980797916,,,,,,,N
115,163.0,Cucurella,2.0,52.0,6.0,0.08,0.027500000000000004,0.10750000000000001,1.3525,0.3665802721747495,2.662438397756875,0.2862121277588641,0.49579981811634866,,,,,,,N
116,164.0,D.D.Fofana,4.0,54.0,6.0,0.0,0.0,0.0,0.0,0.3665802721747495,2.662438397756875,0.0,0.0,,,,,,,N
117,165.0,Deivid,4.0,49.0,6.0,0.0,0.0,0.0,0.0,0.3665802721747495,2.662438397756875,0.0,0.0,,,,,,,N
118,166.0,Dewsbury-Hall,3.0,55.0,6.0,0.0,0.0,0.0,0.0,0.3665802721747495,2.662438397756875,0.0,0.0,,,,,,,N
119,168.0,Enzo,3.0,51.0,6.0,0.10250000000000001,0.2125,0.315,1.83,0.3665802721747495,2.662438397756875,0.8386680952934157,0.6708418980797916,,,,,,,N
120,169.0,Gallagher,3.0,59.0,6.0,0.0,0.0,0.0,0.0,0.3665802721747495,2.662438397756875,0.0,0.0,,,,,,,N
121,171.0,Gusto,2.0,49.0,6.0,0.0775,0.08,0.1575,1.4625,0.3665802721747495,2.662438397756875,0.41933404764670784,0.5361236480555711,,,,,,,N
122,173.0,Kellyman,3.0,44.0,6.0,0.0,0.0,0.0,0.0,0.3665802721747495,2.662438397756875,0.0,0.0,,,,,,,N
123,174.0,Lavia,3.0,45.0,6.0,0.0,0.0025,0.0025,0.3675,0.3665802721747495,2.662438397756875,0.006656095994392187,0.13471825002422044,,,,,,,N
124,175.0,Lukaku,4.0,63.0,6.0,0.0,0.0,0.0,0.0,0.3665802721747495,2.662438397756875,0.0,0.0,,,,,,,N
125,177.0,Madueke,3.0,63.0,6.0,0.12,0.0275,0.1475,0.725,0.3665802721747495,2.662438397756875,0.392709663669139,0.26577069732669334,,,,,,,N
126,178.0,Marc Guiu,4.0,47.0,6.0,0.0,0.0,0.0,0.0,0.3665802721747495,2.662438397756875,0.0,0.0,,,,,,,N
127,179.0,Mudryk,3.0,62.0,6.0,0.0,0.0,0.0,0.0,0.3665802721747495,2.662438397756875,0.0,0.0,,,,,,,N
128,180.0,N.Jackson,4.0,83.0,6.0,0.4425,0.0425,0.485,1.085,0.3665802721747495,2.662438397756875,1.2912826229120844,0.3977395953096032,,,,,,,N
129,181.0,Nkunku,3.0,58.0,6.0,0.0675,0.0025,0.07,0.745,0.3665802721747495,2.662438397756875,0.18637068784298128,0.2731023027701884,,,,,,,N
130,182.0,Palmer,3.0,114.0,6.0,0.5625,0.3825,0.9450000000000001,1.61,0.3665802721747495,2.662438397756875,2.516004285880247,0.5901942382013468,,,,,,,N
131,184.0,Renato Veiga,3.0,45.0,6.0,0.0,0.0,0.0,0.22,0.3665802721747495,2.662438397756875,0.0,0.08064765987844488,,,,,,,N
132,185.0,Sánchez,1.0,48.0,6.0,0.0,0.0,0.0,1.83,0.3665802721747495,2.662438397756875,0.0,0.6708418980797916,,,,,,,N
133,186.0,Sterling,3.0,67.0,1.0,0.0,0.0,0.0,0.0,0.47518095087430207,2.418295184445,0.0,0.0,,,,,,,N
134,187.0,Tosin,2.0,42.0,6.0,0.0325,0.0075,0.04,1.105,0.3665802721747495,2.662438397756875,0.106497535910275,0.40507120075309816,,,,,,,N
135,188.0,Ugochukwu,3.0,45.0,17.0,0.0175,0.0125,0.030000000000000002,0.6225,0.4122796516735227,2.02466982259,0.06074009467770001,0.2566440831667679,,,,,,,N
136,190.0,Ahamada,3.0,45.0,7.0,0.0,0.0,0.0,0.0,0.3924039726073756,2.85942161927,0.0,0.0,,,,,,,N
137,192.0,J.Ayew,3.0,52.0,11.0,0.08499999999999999,0.0575,0.14250000000000002,0.9225,0.44916880364584016,2.2247408761325,0.3170255748488813,0.41435822136328754,,,,,,,N
138,193.0,C.Doucouré,3.0,49.0,7.0,0.0475,0.0125,0.06,0.14500000000000002,0.3924039726073756,2.85942161927,0.1715652971562,0.05689857602806947,,,,,,,N
139,197.0,Ebiowei,3.0,45.0,7.0,0.0,0.0,0.0,0.0,0.3924039726073756,2.85942161927,0.0,0.0,,,,,,,N
140,198.0,Edouard,4.0,51.0,11.0,0.0,0.0,0.0,0.0,0.44916880364584016,2.2247408761325,0.0,0.0,,,,,,,N
141,199.0,Eze,3.0,66.0,7.0,0.10250000000000001,0.055,0.1575,0.865,0.3924039726073756,2.85942161927,0.45035890503502496,0.3394294363053799,,,,,,,N
142,200.0,Guéhi,2.0,45.0,7.0,0.0,0.015000000000000001,0.015000000000000001,1.6975,0.3924039726073756,2.85942161927,0.04289132428905,0.66610574350102,,,,,,,N
143,201.0,Henderson,1.0,45.0,7.0,0.0,0.0,0.0,1.6975,0.3924039726073756,2.85942161927,0.0,0.66610574350102,,,,,,,N
144,203.0,Hughes,3.0,49.0,7.0,0.065,0.17,0.23500000000000001,1.555,0.3924039726073756,2.85942161927,0.67196408052845,0.6101881774044691,,,,,,,N
145,205.0,Kamada,3.0,51.0,7.0,0.005,0.06,0.065,0.75,0.3924039726073756,2.85942161927,0.18586240525255,0.2943029794555317,,,,,,,N
146,206.0,Lerma,3.0,48.0,7.0,0.075,0.045,0.12,1.66,0.3924039726073756,2.85942161927,0.3431305943124,0.6513905945282434,,,,,,,N
147,207.0,Mateta,4.0,72.0,7.0,0.18750000000000003,0.045,0.2325,1.6099999999999999,0.3924039726073756,2.85942161927,0.664815526480275,0.6317703958978746,,,,,,,N
148,208.0,M.França,3.0,44.0,7.0,0.0,0.0,0.0,0.0,0.3924039726073756,2.85942161927,0.0,0.0,,,,,,,N
149,210.0,Mitchell,2.0,48.0,7.0,0.0,0.175,0.175,1.66,0.3924039726073756,2.85942161927,0.50039878337225,0.6513905945282434,,,,,,,N
150,211.0,Muñoz,2.0,47.0,7.0,0.1125,0.042499999999999996,0.15500000000000003,0.98,0.3924039726073756,2.85942161927,0.44321035098685,0.3845558931552281,,,,,,,N
151,212.0,Ozoh,3.0,45.0,7.0,0.0,0.0,0.0,0.0,0.3924039726073756,2.85942161927,0.0,0.0,,,,,,,N
152,213.0,Rak-Sakyi,3.0,45.0,7.0,0.0,0.0,0.0,0.0,0.3924039726073756,2.85942161927,0.0,0.0,,,,,,,N
153,214.0,Schlupp,3.0,47.0,7.0,0.01,0.0,0.01,0.015,0.3924039726073756,2.85942161927,0.0285942161927,0.0058860595891106334,,,,,,,N
154,216.0,Wharton,3.0,47.0,7.0,0.0,0.0,0.0,0.0,0.3924039726073756,2.85942161927,0.0,0.0,,,,,,,N
155,217.0,A.Doucoure,3.0,51.0,8.0,0.043333333333333335,0.013333333333333334,0.056666666666666664,1.39,0.48596588454780715,2.329317238936875,0.13199464353975623,0.6754925795214519,,,,,,,N
156,218.0,Beto,4.0,49.0,8.0,0.0,0.0,0.0,0.02,0.48596588454780715,2.329317238936875,0.0,0.009719317690956143,,,,,,,N
157,219.0,Branthwaite,2.0,48.0,8.0,0.0033333333333333335,0.0033333333333333335,0.006666666666666667,1.39,0.48596588454780715,2.329317238936875,0.015528781592912499,0.6754925795214519,,,,,,,N
158,220.0,Calvert-Lewin,4.0,54.0,8.0,0.06333333333333334,0.0033333333333333335,0.06666666666666667,1.28,0.48596588454780715,2.329317238936875,0.155287815929125,0.6220363322211931,,,,,,,N
159,222.0,Gana,3.0,48.0,8.0,0.006666666666666667,0.006666666666666667,0.013333333333333334,1.39,0.48596588454780715,2.329317238936875,0.031057563185824998,0.6754925795214519,,,,,,,N
160,223.0,Garner,3.0,49.0,8.0,0.0,0.0,0.0,0.0,0.48596588454780715,2.329317238936875,0.0,0.0,,,,,,,N
161,224.0,Harrison,3.0,52.0,8.0,0.21333333333333335,0.06666666666666667,0.28,1.32,0.48596588454780715,2.329317238936875,0.652208826902325,0.6414749676031055,,,,,,,N
162,226.0,Iroegbunam,3.0,44.0,8.0,0.0,0.0,0.0,0.0,0.48596588454780715,2.329317238936875,0.0,0.0,,,,,,,N
163,229.0,Maupay,4.0,49.0,8.0,0.0,0.0,0.0,0.0,0.48596588454780715,2.329317238936875,0.0,0.0,,,,,,,N
164,230.0,McNeil,3.0,52.0,8.0,0.0,0.0,0.0,0.0,0.48596588454780715,2.329317238936875,0.0,0.0,,,,,,,N
165,231.0,Mykolenko,2.0,43.0,8.0,0.0,0.01,0.01,1.39,0.48596588454780715,2.329317238936875,0.02329317238936875,0.6754925795214519,,,,,,,N
166,232.0,Ndiaye,4.0,54.0,8.0,0.17666666666666667,0.03333333333333333,0.21,1.3699999999999999,0.48596588454780715,2.329317238936875,0.48915662017674366,0.6657732618304957,,,,,,,N
167,233.0,Onana,3.0,49.0,2.0,0.055,0.005,0.060000000000000005,1.1475,0.3887056561105774,2.097986562605,0.1258791937563,0.44603974038688754,,,,,,,N
168,235.0,Pickford,1.0,50.0,8.0,0.0,0.0,0.0,1.39,0.48596588454780715,2.329317238936875,0.0,0.6754925795214519,,,,,,,N
169,236.0,Tarkowski,2.0,48.0,8.0,0.0,0.023333333333333334,0.023333333333333334,1.39,0.48596588454780715,2.329317238936875,0.05435073557519375,0.6754925795214519,,,,,,,N
170,237.0,Y. Chermiti,4.0,49.0,8.0,0.0,0.0,0.0,0.0,0.48596588454780715,2.329317238936875,0.0,0.0,,,,,,,N
171,239.0,Adama,3.0,47.0,9.0,0.035,0.12,0.155,0.6849999999999999,0.3656553324234515,3.0260199270568746,0.4690330886938156,0.2504739027100643,,,,,,,N
172,240.0,Andreas,3.0,50.0,9.0,0.0775,0.0325,0.11,0.5275,0.3656553324234515,3.0260199270568746,0.3328621919762562,0.19288318785337066,,,,,,,N
173,241.0,Bassey,2.0,45.0,9.0,0.0275,0.0025,0.03,0.8525,0.3656553324234515,3.0260199270568746,0.09078059781170625,0.31172117089099244,,,,,,,N
174,243.0,Cairney,3.0,48.0,9.0,0.01,0.0125,0.0225,0.19,0.3656553324234515,3.0260199270568746,0.06808544835877968,0.06947451316045579,,,,,,,N
175,245.0,Diop,2.0,44.0,9.0,0.0,0.0,0.0,1.385,0.3656553324234515,3.0260199270568746,0.0,0.5064326354064803,,,,,,,N
176,246.0,Harris,3.0,45.0,9.0,0.0,0.0,0.0,0.0,0.3656553324234515,3.0260199270568746,0.0,0.0,,,,,,,N
177,247.0,Iwobi,3.0,58.0,9.0,0.11250000000000002,0.0475,0.16,1.315,0.3656553324234515,3.0260199270568746,0.4841631883291,0.48083676213683874,,,,,,,N
178,248.0,Leno,1.0,50.0,9.0,0.0,0.0,0.0,1.385,0.3656553324234515,3.0260199270568746,0.0,0.5064326354064803,,,,,,,N
179,249.0,Lukić,3.0,48.0,9.0,0.0125,0.07,0.0825,1.3325,0.3656553324234515,3.0260199270568746,0.2496466439821922,0.48723573045424917,,,,,,,N
180,251.0,Muniz,4.0,55.0,9.0,0.2225,0.0,0.2225,0.425,0.3656553324234515,3.0260199270568746,0.6732894337701547,0.1554035162799669,,,,,,,N
181,252.0,Raúl,4.0,55.0,9.0,0.0925,0.007500000000000001,0.1,0.96,0.3656553324234515,3.0260199270568746,0.3026019927056875,0.35102911912651347,,,,,,,N
182,254.0,Reed,3.0,47.0,9.0,0.0,0.0,0.0,0.0,0.3656553324234515,3.0260199270568746,0.0,0.0,,,,,,,N
183,255.0,Robinson,2.0,49.0,9.0,0.0525,0.195,0.2475,1.385,0.3656553324234515,3.0260199270568746,0.7489399319465765,0.5064326354064803,255.0,13.0,0.0,False,False,2.0,Y
184,256.0,Stansfield,4.0,50.0,9.0,0.0,0.0,0.0,0.0,0.3656553324234515,3.0260199270568746,0.0,0.0,,,,,,,N
185,258.0,Vinicius,4.0,50.0,9.0,0.015,0.0,0.015,0.0,0.3656553324234515,3.0260199270568746,0.045390298905853124,0.0,,,,,,,N
186,259.0,Wilson,3.0,52.0,9.0,0.3875,0.0175,0.405,0.71,0.3656553324234515,3.0260199270568746,1.2255380704580343,0.25961528602065054,,,,,,,N
187,260.0,Al-Hamadi,4.0,48.0,10.0,0.0875,0.0025,0.09,0.5725,0.5138211626004927,2.1105224882925,0.189947023946325,0.2941626155887821,,,,,,,N
188,262.0,Broadhead,3.0,49.0,10.0,0.04,0.0075,0.0475,0.0,0.5138211626004927,2.1105224882925,0.10024981819389375,0.0,,,,,,,N
189,263.0,Burgess,2.0,40.0,10.0,0.0075,0.0325,0.04,1.72,0.5138211626004927,2.1105224882925,0.0844208995317,0.8837723996728474,,,,,,,N
190,264.0,Burns,3.0,48.0,10.0,0.015,0.1125,0.1275,0.97,0.5138211626004927,2.1105224882925,0.26909161725729375,0.4984065277224779,,,,,,,N
191,265.0,Chaplin,3.0,51.0,10.0,0.16749999999999998,0.055,0.2225,1.5074999999999998,0.5138211626004927,2.1105224882925,0.46959125364508125,0.7745854026202427,,,,,,,N
192,267.0,Davis,2.0,45.0,10.0,0.01,0.08,0.09,2.205,0.5138211626004927,2.1105224882925,0.189947023946325,1.1329756635340864,,,,,,,N
193,268.0,Delap,4.0,56.0,10.0,0.175,0.1925,0.36750000000000005,1.175,0.5138211626004927,2.1105224882925,0.7756170144474939,0.6037398660555789,,,,,,,N
194,271.0,Harness,3.0,49.0,10.0,0.0,0.0,0.0,0.0,0.5138211626004927,2.1105224882925,0.0,0.0,,,,,,,N
195,272.0,Hirst,4.0,54.0,10.0,0.0,0.0,0.0,0.0,0.5138211626004927,2.1105224882925,0.0,0.0,,,,,,,N
196,273.0,Humphreys,3.0,45.0,10.0,0.0,0.0,0.0,0.0,0.5138211626004927,2.1105224882925,0.0,0.0,,,,,,,N
197,274.0,Hutchinson,3.0,52.0,10.0,0.115,0.045,0.16,1.9175,0.5138211626004927,2.1105224882925,0.3376835981268,0.9852520792864448,,,,,,,N
198,276.0,Ladapo,4.0,45.0,10.0,0.0,0.0,0.0,0.0,0.5138211626004927,2.1105224882925,0.0,0.0,,,,,,,N
199,277.0,Luongo,3.0,44.0,10.0,0.0,0.0,0.0,0.0,0.5138211626004927,2.1105224882925,0.0,0.0,,,,,,,N
200,278.0,Morsy,3.0,49.0,10.0,0.0,0.025,0.025,1.72,0.5138211626004927,2.1105224882925,0.05276306220731251,0.8837723996728474,,,,,,,N
201,281.0,Taylor,3.0,48.0,10.0,0.055,0.115,0.17,0.8674999999999999,0.5138211626004927,2.1105224882925,0.35878882300972503,0.44573985855592735,,,,,,,N
202,285.0,B.Soumaré,3.0,44.0,11.0,0.0075,0.0225,0.03,1.1275,0.44916880364584016,2.2247408761325,0.066742226283975,0.5064378261106848,,,,,,,N
203,286.0,Cannon,4.0,45.0,11.0,0.0,0.0,0.0,0.0,0.44916880364584016,2.2247408761325,0.0,0.0,,,,,,,N
204,287.0,Choudhury,3.0,43.0,11.0,0.0,0.0475,0.0475,0.9824999999999999,0.44916880364584016,2.2247408761325,0.10567519161629375,0.4413083495820379,,,,,,,N
205,288.0,Coady,2.0,40.0,11.0,0.0,0.037500000000000006,0.037500000000000006,2.075,0.44916880364584016,2.2247408761325,0.08342778285496877,0.9320252675651184,,,,,,,N
206,289.0,Daka,4.0,48.0,11.0,0.0,0.0,0.0,0.6825,0.44916880364584016,2.2247408761325,0.0,0.3065577084882859,,,,,,,N
207,290.0,De Cordova-Reid,3.0,52.0,11.0,0.155,0.0025,0.1575,0.3925,0.44916880364584016,2.2247408761325,0.35039668799086876,0.17629875543099227,,,,,,,N
208,292.0,Golding,3.0,44.0,11.0,0.0,0.0,0.0,0.0,0.44916880364584016,2.2247408761325,0.0,0.0,,,,,,,N
209,295.0,Justin,2.0,43.0,11.0,0.05,0.03,0.08,1.9125,0.44916880364584016,2.2247408761325,0.1779792700906,0.8590353369726693,,,,,,,N
210,296.0,Kristiansen,2.0,45.0,11.0,0.0,0.095,0.095,2.075,0.44916880364584016,2.2247408761325,0.2113503832325875,0.9320252675651184,,,,,,,N
211,297.0,Marcal,3.0,45.0,11.0,0.0,0.0,0.0,0.0,0.44916880364584016,2.2247408761325,0.0,0.0,,,,,,,N
212,298.0,Mavididi,3.0,51.0,11.0,0.02,0.0925,0.1125,1.7525,0.44916880364584016,2.2247408761325,0.25028334856490625,0.7871683283893348,,,,,,,N
213,299.0,McAteer,3.0,47.0,11.0,0.0125,0.0125,0.025,1.1425,0.44916880364584016,2.2247408761325,0.055618521903312505,0.5131753581653724,,,,,,,N
214,300.0,Ndidi,3.0,49.0,11.0,0.0,0.0025,0.0025,0.18,0.44916880364584016,2.2247408761325,0.00556185219033125,0.08085038465625122,,,,,,,N
215,306.0,Vardy,4.0,56.0,11.0,0.305,0.1,0.40499999999999997,1.47,0.44916880364584016,2.2247408761325,0.9010200548336624,0.660278141359385,,,,,,,N
216,307.0,Vestergaard,2.0,40.0,11.0,0.0,0.0075,0.0075,1.835,0.44916880364584016,2.2247408761325,0.01668555657099375,0.8242247546901167,,,,,,,N
217,309.0,Winks,3.0,45.0,11.0,0.0,0.045,0.045,0.605,0.44916880364584016,2.2247408761325,0.1001133394259625,0.27174712620573327,,,,,,,N
218,310.0,A.Becker,1.0,54.0,12.0,0.0,0.06666666666666667,0.06666666666666667,0.9366666666666666,0.43890808488195165,1.8580845898249998,0.12387230598833332,0.41111057283942803,,,,,,,N
219,311.0,Alexander-Arnold,2.0,71.0,12.0,0.03666666666666667,0.36999999999999994,0.4066666666666667,0.9166666666666666,0.43890808488195165,1.8580845898249998,0.7556210665288333,0.40233241114178897,,,,,,,N
220,312.0,Bajcetic,3.0,45.0,12.0,0.0,0.0,0.0,0.0,0.43890808488195165,1.8580845898249998,0.0,0.0,,,,,,,N
221,314.0,Carvalho,3.0,46.0,4.0,0.13,0.0075,0.1375,0.32,0.6681291324528429,1.6863001004858333,0.2318662638168021,0.21380132238490976,,,,,,,N
222,315.0,Clark,3.0,45.0,12.0,0.0,0.0,0.0,0.0,0.43890808488195165,1.8580845898249998,0.0,0.0,,,,,,,N
223,316.0,Darwin,4.0,71.0,12.0,0.12,0.016666666666666666,0.1366666666666667,0.2733333333333334,0.43890808488195165,1.8580845898249998,0.25393822727608334,0.11996820986773346,,,,,,,N
224,317.0,Diogo J.,3.0,72.0,12.0,0.17666666666666667,0.08666666666666667,0.26333333333333336,0.32,0.43890808488195165,1.8580845898249998,0.4892956086539167,0.14045058716222453,,,,,,,N
225,318.0,Doak,3.0,45.0,12.0,0.0,0.0,0.0,0.0,0.43890808488195165,1.8580845898249998,0.0,0.0,,,,,,,N
226,319.0,Elliott,3.0,52.0,12.0,0.013333333333333334,0.043333333333333335,0.056666666666666664,0.06333333333333334,0.43890808488195165,1.8580845898249998,0.10529146009008332,0.027797512042523606,,,,,,,N
227,320.0,Endo,3.0,46.0,12.0,0.0,0.0,0.0,0.0,0.43890808488195165,1.8580845898249998,0.0,0.0,,,,,,,N
228,321.0,Gakpo,4.0,72.0,12.0,0.25,0.24333333333333332,0.49333333333333335,0.52,0.43890808488195165,1.8580845898249998,0.9166550643136666,0.22823220413861486,,,,,,,N
229,322.0,Gomez,2.0,49.0,12.0,0.01,0.02666666666666667,0.036666666666666674,0.9366666666666666,0.43890808488195165,1.8580845898249998,0.06812976829358335,0.41111057283942803,,,,,,,N
230,323.0,Gravenberch,3.0,50.0,12.0,0.0,0.12333333333333334,0.12333333333333334,0.9366666666666666,0.43890808488195165,1.8580845898249998,0.22916376607841665,0.41111057283942803,,,,,,,N
231,324.0,Jones,3.0,53.0,12.0,0.26666666666666666,0.04,0.30666666666666664,0.7066666666666667,0.43890808488195165,1.8580845898249998,0.5698126075463332,0.31016171331657916,,,,,,,N
232,327.0,Luis Díaz,3.0,75.0,12.0,0.5,0.060000000000000005,0.56,0.7799999999999999,0.43890808488195165,1.8580845898249998,1.0405273703020002,0.3423483062079222,,,,,,,N
233,328.0,M.Salah,3.0,136.0,12.0,0.9199999999999999,0.3066666666666667,1.2266666666666666,0.8933333333333334,0.43890808488195165,1.8580845898249998,2.279250430185333,0.39209122249454353,328.0,8.0,2.0,True,False,3.0,Y
234,329.0,Mac Allister,3.0,62.0,12.0,0.16,0.26333333333333336,0.42333333333333334,0.22666666666666668,0.43890808488195165,1.8580845898249998,0.7865891430259166,0.09948583257324238,,,,,,,N
235,330.0,McConnell,3.0,44.0,12.0,0.0,0.0,0.0,0.0,0.43890808488195165,1.8580845898249998,0.0,0.0,,,,,,,N
236,331.0,Morton,3.0,44.0,12.0,0.0,0.0,0.0,0.0,0.43890808488195165,1.8580845898249998,0.0,0.0,,,,,,,N
237,335.0,Robertson,2.0,59.0,12.0,0.013333333333333334,0.12666666666666668,0.13999999999999999,0.5666666666666668,0.43890808488195165,1.8580845898249998,0.2601318425754999,0.24871458143310599,,,,,,,N
238,336.0,Szoboszlai,3.0,63.0,12.0,0.59,0.33,0.9199999999999999,0.8033333333333333,0.43890808488195165,1.8580845898249998,1.709437822639,0.35258949485516783,,,,,,,N
239,,,,,,,,,,,,,,338.0,15.0,0.0,False,False,2.0,Y
240,339.0,Virgil,2.0,65.0,12.0,0.03,0.016666666666666666,0.04666666666666667,0.9366666666666666,0.43890808488195165,1.8580845898249998,0.08671061419183333,0.41111057283942803,,,,,,,N
241,342.0,Bernardo,3.0,63.0,13.0,0.0675,0.13999999999999999,0.2075,1.43,0.3379800557340571,2.9587029181099997,0.6139308555078249,0.48331147969970156,,,,,,,N
242,343.0,Bobb,3.0,47.0,13.0,0.0,0.0,0.0,0.0,0.3379800557340571,2.9587029181099997,0.0,0.0,,,,,,,N
243,345.0,De Bruyne,3.0,94.0,13.0,0.02,0.1975,0.2175,0.39,0.3379800557340571,2.9587029181099997,0.6435178846889249,0.13181222173628226,,,,,,,N
244,346.0,Doku,3.0,62.0,13.0,0.005,0.042499999999999996,0.0475,0.3225,0.3379800557340571,2.9587029181099997,0.140538388610225,0.1089985679742334,,,,,,,N
245,348.0,Foden,3.0,92.0,13.0,0.1925,0.25,0.4425,1.095,0.3379800557340571,2.9587029181099997,1.309226041263675,0.3700881610287925,,,,,,,N
246,349.0,Grealish,3.0,64.0,13.0,0.025,0.0675,0.0925,0.7975,0.3379800557340571,2.9587029181099997,0.273680019925175,0.2695390944479105,,,,,,,N
247,350.0,Gvardiol,2.0,60.0,13.0,0.3025,0.0325,0.33499999999999996,1.43,0.3379800557340571,2.9587029181099997,0.9911654775668498,0.48331147969970156,,,,,,,N
248,351.0,Haaland,4.0,148.0,13.0,0.43999999999999995,0.055,0.495,1.43,0.3379800557340571,2.9587029181099997,1.4645579444644499,0.48331147969970156,,,,,,,N
249,352.0,J.Alvarez,4.0,70.0,13.0,0.0,0.0,0.0,0.0,0.3379800557340571,2.9587029181099997,0.0,0.0,,,,,,,N
250,354.0,Kovačić,3.0,54.0,13.0,0.022500000000000003,0.1,0.1225,1.02,0.3379800557340571,2.9587029181099997,0.36244110746847497,0.3447396568487382,,,,,,,N
251,355.0,Lewis,2.0,46.0,13.0,0.05,0.042499999999999996,0.0925,0.8825,0.3379800557340571,2.9587029181099997,0.273680019925175,0.29826739918530537,,,,,,,N
252,356.0,Matheus N.,3.0,49.0,13.0,0.0175,0.1175,0.135,0.855,0.3379800557340571,2.9587029181099997,0.39942489394485,0.28897294765261883,,,,,,,N
253,357.0,McAtee,3.0,46.0,13.0,0.0,0.0,0.0,0.0,0.3379800557340571,2.9587029181099997,0.0,0.0,,,,,,,N
254,358.0,Ortega Moreno,1.0,52.0,13.0,0.0,0.0,0.0,0.91,0.3379800557340571,2.9587029181099997,0.0,0.30756185071799197,,,,,,,N
255,359.0,Phillips,3.0,48.0,10.0,0.005,0.0075,0.0125,0.5075,0.5138211626004927,2.1105224882925,0.026381531103656253,0.26076424001975,,,,,,,N
256,360.0,Rodrigo,3.0,63.0,13.0,0.0,0.0,0.0,0.0,0.3379800557340571,2.9587029181099997,0.0,0.0,,,,,,,N
257,364.0,Amad,3.0,54.0,14.0,0.3275,0.21,0.5375,0.8325,0.6330750677459339,1.8677922239945832,1.0039383203970884,0.52703499389849,,,,,,,N
258,365.0,Antony,3.0,57.0,14.0,0.0075,0.015000000000000001,0.0225,0.1375,0.6330750677459339,1.8677922239945832,0.042025325039878124,0.08704782181506591,,,,,,,N
259,366.0,B.Fernandes,3.0,84.0,14.0,0.495,0.17500000000000002,0.67,0.8125,0.6330750677459339,1.8677922239945832,1.251420790076371,0.5143734925435712,366.0,5.0,1.0,False,False,3.0,Y
260,368.0,Casemiro,3.0,48.0,14.0,0.0025,0.03,0.0325,0.1375,0.6330750677459339,1.8677922239945832,0.06070324727982396,0.08704782181506591,,,,,,,N
261,369.0,Dalot,2.0,51.0,14.0,0.1225,0.0425,0.16499999999999998,0.97,0.6330750677459339,1.8677922239945832,0.30818571695910624,0.6140828157135558,,,,,,,N
262,370.0,Eriksen,3.0,53.0,14.0,0.0,0.005,0.005,0.1375,0.6330750677459339,1.8677922239945832,0.009338961119972917,0.08704782181506591,,,,,,,N
263,372.0,Garnacho,3.0,60.0,14.0,0.1075,0.06,0.1675,0.575,0.6330750677459339,1.8677922239945832,0.31285519751909274,0.36401816395391196,,,,,,,N
264,373.0,Hannibal,3.0,45.0,14.0,0.0,0.0,0.0,0.0,0.6330750677459339,1.8677922239945832,0.0,0.0,,,,,,,N
265,375.0,Højlund,4.0,69.0,14.0,0.19749999999999998,0.10250000000000001,0.3,0.7525,0.6330750677459339,1.8677922239945832,0.560337667198375,0.4763889884788152,,,,,,,N
266,377.0,Maguire,2.0,49.0,14.0,0.02,0.0325,0.0525,0.7625,0.6330750677459339,1.8677922239945832,0.09805909175971561,0.48271973915627453,,,,,,,N
267,378.0,Mainoo,3.0,52.0,14.0,0.0325,0.04,0.0725,0.8325,0.6330750677459339,1.8677922239945832,0.13541493623960726,0.52703499389849,,,,,,,N
268,380.0,Martinez,2.0,44.0,14.0,0.08,0.1375,0.2175,0.97,0.6330750677459339,1.8677922239945832,0.40624480871882185,0.6140828157135558,,,,,,,N
269,381.0,McTominay,3.0,49.0,14.0,0.0,0.0,0.0,0.0,0.6330750677459339,1.8677922239945832,0.0,0.0,,,,,,,N
270,382.0,Mount,3.0,63.0,14.0,0.0,0.0075,0.0075,0.0,0.6330750677459339,1.8677922239945832,0.014008441679959373,0.0,,,,,,,N
271,383.0,Onana,1.0,52.0,14.0,0.0,0.0,0.0,0.97,0.6330750677459339,1.8677922239945832,0.0,0.6140828157135558,,,,,,,N
272,384.0,Pellistri,3.0,50.0,14.0,0.0,0.0,0.0,0.0,0.6330750677459339,1.8677922239945832,0.0,0.0,,,,,,,N
273,385.0,Rashford,3.0,67.0,14.0,0.0075,0.0175,0.025,0.0,0.6330750677459339,1.8677922239945832,0.04669480559986458,0.0,,,,,,,N
274,386.0,Sancho,3.0,62.0,6.0,0.1825,0.2225,0.40499999999999997,1.83,0.3665802721747495,2.662438397756875,1.0782875510915344,0.6708418980797916,,,,,,,N
275,388.0,Wan-Bissaka,2.0,46.0,19.0,0.0325,0.1075,0.14,1.4475,0.5765179752735423,1.9725925063183334,0.2761629508845667,0.8345097692084524,,,,,,,N
276,389.0,Zirkzee,4.0,65.0,14.0,0.0075,0.0025,0.01,0.21750000000000003,0.6330750677459339,1.8677922239945832,0.018677922239945834,0.13769382723474063,,,,,,,N
277,391.0,Almirón,3.0,55.0,15.0,0.0275,0.005,0.0325,0.185,0.4964717130338345,2.099656384196875,0.06823883248639843,0.09184726691125938,,,,,,,N
278,392.0,Barnes,3.0,61.0,15.0,0.1225,0.29,0.4125,0.23249999999999998,0.4964717130338345,2.099656384196875,0.8661082584812109,0.11542967328036652,,,,,,,N
279,394.0,Bruno G.,3.0,61.0,15.0,0.2975,0.20750000000000002,0.505,0.605,0.4964717130338345,2.099656384196875,1.0603264740194218,0.30036538638546983,,,,,,,N
280,395.0,Burn,2.0,44.0,15.0,0.0325,0.08750000000000001,0.12000000000000001,0.6174999999999999,0.4964717130338345,2.099656384196875,0.251958766103625,0.30657128279839274,,,,,,,N
281,396.0,Dúbravka,1.0,42.0,15.0,0.0,0.0,0.0,0.31,0.4964717130338345,2.099656384196875,0.0,0.1539062310404887,,,,,,,N
282,397.0,Fraser,3.0,48.0,17.0,0.0,0.0,0.0,0.0,0.4122796516735227,2.02466982259,0.0,0.0,,,,,,,N
283,398.0,Gordon,3.0,73.0,15.0,0.17250000000000001,0.2825,0.455,0.485,0.4964717130338345,2.099656384196875,0.9553436548095782,0.24078878082140973,,,,,,,N
284,399.0,Hall,2.0,47.0,15.0,0.035,0.325,0.36,0.4525,0.4964717130338345,2.099656384196875,0.755876298310875,0.22465345014781013,,,,,,,N
285,400.0,Hayden,3.0,44.0,15.0,0.0,0.0,0.0,0.0,0.4964717130338345,2.099656384196875,0.0,0.0,,,,,,,N
286,401.0,Isak,4.0,91.0,15.0,1.0925,0.265,1.3575,0.5975,0.4964717130338345,2.099656384196875,2.850283541547258,0.29664184853771614,401.0,11.0,1.0,False,True,4.0,Y
287,402.0,J.Murphy,3.0,50.0,15.0,0.385,0.3425,0.7275,0.31,0.4964717130338345,2.099656384196875,1.5275000195032267,0.1539062310404887,,,,,,,N
288,403.0,Joelinton,3.0,60.0,15.0,0.135,0.065,0.2,0.22,0.4964717130338345,2.099656384196875,0.41993127683937503,0.10922377686744358,,,,,,,N
289,406.0,Kuol,3.0,44.0,15.0,0.0,0.0,0.0,0.0,0.4964717130338345,2.099656384196875,0.0,0.0,,,,,,,N
290,410.0,Longstaff,3.0,47.0,15.0,0.0175,0.0075,0.024999999999999998,0.185,0.4964717130338345,2.099656384196875,0.05249140960492187,0.09184726691125938,,,,,,,N
291,411.0,Miley,3.0,50.0,15.0,0.0,0.0025,0.0025,0.01,0.4964717130338345,2.099656384196875,0.005249140960492188,0.004964717130338345,,,,,,,N
292,415.0,Schär,2.0,54.0,15.0,0.025,0.03,0.055,0.6174999999999999,0.4964717130338345,2.099656384196875,0.11548110113082813,0.30657128279839274,,,,,,,N
293,417.0,Tonali,3.0,55.0,15.0,0.1925,0.05,0.2425,0.53,0.4964717130338345,2.099656384196875,0.5091666731677421,0.2631300079079323,,,,,,,N
294,419.0,White,3.0,45.0,15.0,0.0,0.0,0.0,0.0,0.4964717130338345,2.099656384196875,0.0,0.0,,,,,,,N
295,420.0,Willock,3.0,48.0,15.0,0.045,0.024999999999999998,0.07,0.1825,0.4964717130338345,2.099656384196875,0.14697594689378127,0.0906060876286748,,,,,,,N
296,421.0,Wilson,4.0,69.0,15.0,0.0,0.0,0.0,0.165,0.4964717130338345,2.099656384196875,0.0,0.0819178326505827,,,,,,,N
297,422.0,Aina,2.0,51.0,16.0,0.11249999999999999,0.02,0.1325,0.91,0.4101216819460298,1.9893029187008333,0.2635826367278604,0.37321073057088716,422.0,4.0,1.0,False,False,2.0,Y
298,423.0,Anderson,3.0,50.0,16.0,0.045,0.2875,0.3325,0.8575,0.4101216819460298,1.9893029187008333,0.6614432204680272,0.3516793422687206,,,,,,,N
299,424.0,Awoniyi,4.0,55.0,16.0,0.0075,0.0,0.0075,0.0375,0.4101216819460298,1.9893029187008333,0.01491977189025625,0.015379563072976119,,,,,,,N
300,426.0,Bowler,3.0,45.0,16.0,0.0,0.0,0.0,0.0,0.4101216819460298,1.9893029187008333,0.0,0.0,,,,,,,N
301,428.0,Da Silva Moreira,3.0,44.0,16.0,0.0,0.0,0.0,0.0,0.4101216819460298,1.9893029187008333,0.0,0.0,,,,,,,N
302,429.0,Danilo,3.0,47.0,16.0,0.0,0.0,0.0,0.0,0.4101216819460298,1.9893029187008333,0.0,0.0,,,,,,,N
303,430.0,Dennis,4.0,49.0,16.0,0.0,0.0,0.0,0.0,0.4101216819460298,1.9893029187008333,0.0,0.0,,,,,,,N
304,431.0,Dominguez,3.0,48.0,16.0,0.1175,0.0075,0.125,0.185,0.4101216819460298,1.9893029187008333,0.24866286483760416,0.07587251116001553,,,,,,,N
305,432.0,Elanga,3.0,51.0,16.0,0.19,0.01,0.2,0.405,0.4101216819460298,1.9893029187008333,0.3978605837401667,0.1660992811881421,,,,,,,N
306,433.0,Gibbs-White,3.0,63.0,16.0,0.1025,0.37,0.4725,0.8524999999999999,0.4101216819460298,1.9893029187008333,0.9399456290861437,0.3496287338589904,,,,,,,N
307,434.0,Hudson-Odoi,3.0,53.0,16.0,0.0475,0.0575,0.10500000000000001,0.86,0.4101216819460298,1.9893029187008333,0.20887680646358753,0.3527046464735857,,,,,,,N
308,435.0,Mighten,3.0,45.0,16.0,0.0,0.0,0.0,0.0,0.4101216819460298,1.9893029187008333,0.0,0.0,,,,,,,N
309,436.0,Murillo,2.0,46.0,16.0,0.055,0.045,0.09999999999999999,0.8975,0.4101216819460298,1.9893029187008333,0.19893029187008332,0.36808420954656174,,,,,,,N
310,437.0,N.Williams,2.0,43.0,16.0,0.045,0.0325,0.0775,0.91,0.4101216819460298,1.9893029187008333,0.15417097619931458,0.37321073057088716,,,,,,,N
311,439.0,O'Brien,3.0,50.0,16.0,0.0,0.0,0.0,0.0,0.4101216819460298,1.9893029187008333,0.0,0.0,,,,,,,N
312,442.0,Sangaré,3.0,43.0,16.0,0.0,0.0,0.0,0.0,0.4101216819460298,1.9893029187008333,0.0,0.0,,,,,,,N
313,443.0,Sels,1.0,48.0,16.0,0.0,0.0,0.0,0.91,0.4101216819460298,1.9893029187008333,0.0,0.37321073057088716,,,,,,,N
314,,,,,,,,,,,,,,445.0,12.0,0.0,False,False,1.0,Y
315,446.0,Ui-jo,4.0,45.0,16.0,0.0,0.0,0.0,0.0,0.4101216819460298,1.9893029187008333,0.0,0.0,,,,,,,N
316,447.0,Wood,4.0,66.0,16.0,0.175,0.01,0.185,0.8524999999999999,0.4101216819460298,1.9893029187008333,0.36802103995965413,0.3496287338589904,,,,,,,N
317,449.0,Yates,3.0,49.0,16.0,0.0275,0.015000000000000001,0.042499999999999996,0.76,0.4101216819460298,1.9893029187008333,0.0845453740447854,0.31169247827898267,,,,,,,N
318,450.0,Alcaraz,3.0,49.0,17.0,0.0,0.0,0.0,0.0,0.4122796516735227,2.02466982259,0.0,0.0,,,,,,,N
319,451.0,Amo-Ameyaw,3.0,44.0,17.0,0.0,0.0,0.0,0.2775,0.4122796516735227,2.02466982259,0.0,0.11440760333940257,,,,,,,N
320,452.0,Aribo,3.0,49.0,17.0,0.0,0.0325,0.0325,1.1099999999999999,0.4122796516735227,2.02466982259,0.06580176923417501,0.4576304133576102,,,,,,,N
321,453.0,Armstrong,4.0,51.0,17.0,0.1825,0.0275,0.21000000000000002,1.745,0.4122796516735227,2.02466982259,0.42518066274390004,0.7194279921702972,,,,,,,N
322,455.0,Bednarek,2.0,40.0,17.0,0.0,0.0,0.0,1.3225,0.4122796516735227,2.02466982259,0.0,0.5452398393382338,,,,,,,N
323,458.0,Charles,3.0,45.0,17.0,0.0,0.0,0.0,0.0,0.4122796516735227,2.02466982259,0.0,0.0,,,,,,,N
324,459.0,Edozie,3.0,49.0,17.0,0.0,0.0,0.0,0.0,0.4122796516735227,2.02466982259,0.0,0.0,,,,,,,N
325,461.0,Harwood-Bellis,2.0,41.0,17.0,0.0025,0.04,0.0425,1.895,0.4122796516735227,2.02466982259,0.08604846746007501,0.7812699399213257,,,,,,,N
326,462.0,Kamaldeen,3.0,50.0,17.0,0.0,0.0075,0.0075,0.41,0.4122796516735227,2.02466982259,0.015185023669425,0.1690346571861443,,,,,,,N
327,463.0,Lallana,3.0,50.0,17.0,0.0,0.01,0.01,0.0,0.4122796516735227,2.02466982259,0.0202466982259,0.0,,,,,,,N
328,468.0,Mara,4.0,50.0,17.0,0.0,0.0,0.0,0.0,0.4122796516735227,2.02466982259,0.0,0.0,,,,,,,N
329,470.0,Onuachu,4.0,49.0,17.0,0.21,0.01,0.22,0.4525,0.4122796516735227,2.02466982259,0.4454273609698,0.18655654238226904,,,,,,,N
330,471.0,Smallbone,3.0,50.0,17.0,0.0,0.0,0.0,0.0,0.4122796516735227,2.02466982259,0.0,0.0,,,,,,,N
331,473.0,Stewart,4.0,44.0,17.0,0.0,0.0,0.0,0.0,0.4122796516735227,2.02466982259,0.0,0.0,,,,,,,N
332,476.0,Walker-Peters,2.0,43.0,17.0,0.0175,0.165,0.18,1.895,0.4122796516735227,2.02466982259,0.3644405680662,0.7812699399213257,,,,,,,N
333,477.0,Wood,2.0,40.0,17.0,0.057499999999999996,0.0075,0.065,1.5875,0.4122796516735227,2.02466982259,0.13160353846835002,0.6544939470317173,,,,,,,N
334,480.0,Bentancur,3.0,49.0,18.0,0.0,0.0075,0.0075,0.2,0.5285269848628942,1.27004472104875,0.009525335407865624,0.10570539697257886,,,,,,,N
335,481.0,Bergvall,3.0,44.0,18.0,0.0,0.024999999999999998,0.024999999999999998,0.8200000000000001,0.5285269848628942,1.27004472104875,0.031751118026218744,0.43339212758757334,,,,,,,N
336,482.0,Bissouma,3.0,49.0,18.0,0.0,0.005,0.005,1.6675,0.5285269848628942,1.27004472104875,0.00635022360524375,0.8813187472588762,,,,,,,N
337,483.0,Bryan,3.0,50.0,18.0,0.0,0.0,0.0,0.0,0.5285269848628942,1.27004472104875,0.0,0.0,,,,,,,N
338,485.0,Devine,3.0,45.0,18.0,0.0,0.0,0.0,0.0,0.5285269848628942,1.27004472104875,0.0,0.0,,,,,,,N
339,486.0,Dragusin,2.0,43.0,18.0,0.0,0.01,0.01,2.2824999999999998,0.5285269848628942,1.27004472104875,0.0127004472104875,1.2063628429495559,,,,,,,N
340,488.0,Forster,1.0,43.0,18.0,0.0,0.0,0.0,2.3475,0.5285269848628942,1.27004472104875,0.0,1.2407170969656445,,,,,,,N
341,489.0,Gray,3.0,46.0,18.0,0.0,0.005,0.005,1.8375,0.5285269848628942,1.27004472104875,0.00635022360524375,0.9711683346855682,,,,,,,N
342,490.0,Højbjerg,3.0,50.0,18.0,0.0,0.0,0.0,0.0,0.5285269848628942,1.27004472104875,0.0,0.0,,,,,,,N
343,491.0,Johnson,3.0,65.0,18.0,0.2375,0.11750000000000001,0.355,0.9450000000000001,0.5285269848628942,1.27004472104875,0.4508658759723062,0.4994580006954351,,,,,,,N
344,492.0,Kulusevski,3.0,64.0,18.0,0.21,0.07,0.28,2.15,0.5285269848628942,1.27004472104875,0.35561252189365,1.1363330174552226,,,,,,,N
345,493.0,Lo Celso,3.0,49.0,18.0,0.0,0.0,0.0,0.0,0.5285269848628942,1.27004472104875,0.0,0.0,,,,,,,N
346,494.0,Maddison,3.0,77.0,18.0,0.245,0.1075,0.3525,1.2899999999999998,0.5285269848628942,1.27004472104875,0.44769076416968434,0.6817998104731335,494.0,7.0,1.0,False,False,3.0,Y
347,495.0,Pedro Porro,2.0,55.0,18.0,0.015,0.1,0.11499999999999999,2.0425,0.5285269848628942,1.27004472104875,0.14605514292060623,1.0795163665824616,,,,,,,N
348,497.0,Richarlison,4.0,68.0,18.0,0.0,0.0,0.0,0.0,0.5285269848628942,1.27004472104875,0.0,0.0,,,,,,,N
349,499.0,P.M.Sarr,3.0,48.0,18.0,0.2325,0.02,0.2525,1.9324999999999999,0.5285269848628942,1.27004472104875,0.32068629206480936,1.021378398247543,,,,,,,N
350,500.0,Scarlett,4.0,45.0,18.0,0.0,0.0,0.0,0.0,0.5285269848628942,1.27004472104875,0.0,0.0,,,,,,,N
351,501.0,Skipp,3.0,48.0,11.0,0.005,0.0075,0.0125,1.29,0.44916880364584016,2.2247408761325,0.027809260951656253,0.5794277567031338,,,,,,,N
352,502.0,Solomon,3.0,54.0,18.0,0.0,0.0,0.0,0.0,0.5285269848628942,1.27004472104875,0.0,0.0,,,,,,,N
353,503.0,Son,3.0,99.0,18.0,0.42000000000000004,0.235,0.655,2.1775,0.5285269848628942,1.27004472104875,0.8318792922869314,1.1508675095389522,,,,,,,N
354,504.0,Spence,2.0,44.0,18.0,0.0225,0.1175,0.14,1.63,0.5285269848628942,1.27004472104875,0.177806260946825,0.8614989853265176,,,,,,,N
355,507.0,Veliz,4.0,50.0,18.0,0.0,0.0,0.0,0.0,0.5285269848628942,1.27004472104875,0.0,0.0,,,,,,,N
356,509.0,Werner,3.0,62.0,18.0,0.0,0.11,0.11,0.5575,0.5285269848628942,1.27004472104875,0.1397049193153625,0.29465379406106357,,,,,,,N
357,511.0,Álvarez,3.0,50.0,19.0,0.025,0.01,0.035,0.965,0.5765179752735423,1.9725925063183334,0.06904073772114168,0.5563398461389684,,,,,,,N
358,512.0,Antonio,4.0,53.0,19.0,0.0,0.0,0.0,0.0,0.5765179752735423,1.9725925063183334,0.0,0.0,,,,,,,N
359,514.0,Bowen,3.0,75.0,19.0,0.48,0.11,0.59,1.47,0.5765179752735423,1.9725925063183334,1.1638295787278166,0.8474814236521071,,,,,,,N
360,515.0,Cornet,3.0,47.0,17.0,0.0,0.0,0.0,0.0,0.4122796516735227,2.02466982259,0.0,0.0,,,,,,,N
361,518.0,Downes,3.0,48.0,17.0,0.0025,0.005,0.0075,1.5325,0.4122796516735227,2.02466982259,0.015185023669425,0.6318185661896736,,,,,,,N
362,519.0,Earthy,3.0,45.0,19.0,0.0,0.0,0.0,0.0,0.5765179752735423,1.9725925063183334,0.0,0.0,,,,,,,N
363,520.0,Emerson,2.0,44.0,19.0,0.0175,0.075,0.0925,0.745,0.5765179752735423,1.9725925063183334,0.18246480683444583,0.42950589157878905,,,,,,,N
364,521.0,Fabianski,1.0,41.0,19.0,0.0,0.0,0.0,1.28,0.5765179752735423,1.9725925063183334,0.0,0.7379430083501342,,,,,,,N
365,523.0,Ings,4.0,50.0,19.0,0.0,0.0,0.0,0.1025,0.5765179752735423,1.9725925063183334,0.0,0.05909309246553808,,,,,,,N
366,524.0,Kilman,2.0,44.0,19.0,0.14500000000000002,0.13,0.275,1.2574999999999998,0.5765179752735423,1.9725925063183334,0.5424629392375417,0.7249713539064793,,,,,,,N
367,525.0,Kudus,3.0,62.0,19.0,0.135,0.11,0.245,1.2675,0.5765179752735423,1.9725925063183334,0.4832851640479917,0.7307365336592149,,,,,,,N
368,526.0,L.Guilherme,3.0,47.0,19.0,0.0,0.0,0.0,0.0,0.5765179752735423,1.9725925063183334,0.0,0.0,,,,,,,N
369,527.0,L.Paquetá,3.0,57.0,19.0,0.26,0.04,0.30000000000000004,0.7975,0.5765179752735423,1.9725925063183334,0.5917777518955001,0.45977308528065,,,,,,,N
370,528.0,Mavropanos,2.0,44.0,19.0,0.0775,0.01,0.0875,1.25,0.5765179752735423,1.9725925063183334,0.17260184430285416,0.7206474690919279,,,,,,,N
371,530.0,Souček,3.0,49.0,19.0,0.07,0.0525,0.1225,1.47,0.5765179752735423,1.9725925063183334,0.24164258202399586,0.8474814236521071,,,,,,,N
372,531.0,Ward-Prowse,3.0,62.0,16.0,0.0,0.0,0.0,0.0075,0.4101216819460298,1.9893029187008333,0.0,0.0030759126145952238,,,,,,,N
373,533.0,Aït-Nouri,2.0,48.0,20.0,0.04,0.08249999999999999,0.1225,0.6125,0.6328833477999897,1.97196072043375,0.24156518825313436,0.3876410505274937,,,,,,,N
374,534.0,B.Traore,3.0,48.0,20.0,0.0,0.0,0.0,0.0,0.6328833477999897,1.97196072043375,0.0,0.0,,,,,,,N
375,535.0,Bellegarde,3.0,49.0,20.0,0.0675,0.045,0.1125,0.385,0.6328833477999897,1.97196072043375,0.22184558104879687,0.24366008890299604,,,,,,,N
376,537.0,Chiquinho,3.0,45.0,20.0,0.0,0.0,0.0,0.0,0.6328833477999897,1.97196072043375,0.0,0.0,,,,,,,N
377,538.0,Chirewa,3.0,45.0,20.0,0.0,0.0,0.0,0.0,0.6328833477999897,1.97196072043375,0.0,0.0,,,,,,,N
378,539.0,Chiwome,4.0,45.0,20.0,0.0,0.0,0.0,0.0,0.6328833477999897,1.97196072043375,0.0,0.0,,,,,,,N
379,540.0,Cundle,3.0,45.0,20.0,0.0,0.0,0.0,0.0,0.6328833477999897,1.97196072043375,0.0,0.0,,,,,,,N
380,541.0,Cunha,4.0,71.0,20.0,0.1575,0.2625,0.42000000000000004,0.865,0.6328833477999897,1.97196072043375,0.828223502582175,0.547444095846991,541.0,10.0,1.0,False,False,4.0,Y
381,543.0,Doherty,2.0,43.0,20.0,0.1275,0.0525,0.18,0.8,0.6328833477999897,1.97196072043375,0.354952929678075,0.5063066782399918,,,,,,,N
382,544.0,Doyle,3.0,48.0,20.0,0.0475,0.0325,0.08,0.3025,0.6328833477999897,1.97196072043375,0.1577568576347,0.19144721270949688,,,,,,,N
383,545.0,Fábio Silva,4.0,50.0,20.0,0.0,0.0,0.0,0.0,0.6328833477999897,1.97196072043375,0.0,0.0,,,,,,,N
384,546.0,Fraser,4.0,45.0,20.0,0.0,0.0,0.0,0.0,0.6328833477999897,1.97196072043375,0.0,0.0,,,,,,,N
385,547.0,Gonzalez,3.0,44.0,20.0,0.0,0.0,0.0,0.0,0.6328833477999897,1.97196072043375,0.0,0.0,,,,,,,N
386,548.0,Guedes,3.0,53.0,20.0,0.055,0.045,0.1,0.265,0.6328833477999897,1.97196072043375,0.19719607204337503,0.16771408716699726,,,,,,,N
387,550.0,Hee Chan,3.0,61.0,20.0,0.1375,0.0,0.1375,0.2025,0.6328833477999897,1.97196072043375,0.2711445990596406,0.12815887792949793,,,,,,,N
388,551.0,Hodge,3.0,45.0,20.0,0.0,0.0,0.0,0.0,0.6328833477999897,1.97196072043375,0.0,0.0,,,,,,,N
389,553.0,J.Gomes,3.0,49.0,20.0,0.225,0.01,0.235,0.42,0.6328833477999897,1.97196072043375,0.4634107693019312,0.26581100607599567,,,,,,,N
390,555.0,Kalajdžić,4.0,48.0,20.0,0.0,0.0,0.0,0.0,0.6328833477999897,1.97196072043375,0.0,0.0,,,,,,,N
391,557.0,Mario Jr.,3.0,50.0,20.0,0.0825,0.02,0.10250000000000001,0.5525,0.6328833477999897,1.97196072043375,0.2021259738444594,0.3496680496594943,,,,,,,N
392,559.0,N.Semedo,2.0,45.0,20.0,0.015000000000000001,0.05,0.065,0.76,0.6328833477999897,1.97196072043375,0.12817744682819376,0.4809913443279922,,,,,,,N
393,560.0,Neto,3.0,62.0,6.0,0.0475,0.11750000000000001,0.16499999999999998,1.105,0.3665802721747495,2.662438397756875,0.43930233562988436,0.40507120075309816,,,,,,,N
394,562.0,Podence,3.0,55.0,20.0,0.0,0.0,0.0,0.0,0.6328833477999897,1.97196072043375,0.0,0.0,,,,,,,N
395,563.0,R.Gomes,3.0,52.0,20.0,0.065,0.0,0.065,0.16499999999999998,0.6328833477999897,1.97196072043375,0.12817744682819376,0.10442575238699828,,,,,,,N
396,564.0,S.Bueno,2.0,43.0,20.0,0.01,0.0025,0.0125,0.865,0.6328833477999897,1.97196072043375,0.024649509005421878,0.547444095846991,,,,,,,N
397,565.0,Sarabia,3.0,50.0,20.0,0.0,0.0,0.0,0.0,0.6328833477999897,1.97196072043375,0.0,0.0,,,,,,,N
398,566.0,Strand Larsen,4.0,56.0,20.0,0.17500000000000002,0.0025,0.17750000000000002,0.725,0.6328833477999897,1.97196072043375,0.3500230278769907,0.4588404271549925,,,,,,,N
399,567.0,Toti,2.0,43.0,20.0,0.0,0.015000000000000001,0.015000000000000001,0.865,0.6328833477999897,1.97196072043375,0.02957941080650625,0.547444095846991,,,,,,,N
400,568.0,Muric,1.0,44.0,10.0,0.0,0.0,0.0,2.205,0.5138211626004927,2.1105224882925,0.0,1.1329756635340864,,,,,,,N
401,569.0,Jaden,3.0,53.0,2.0,0.01,0.02,0.03,0.025,0.3887056561105774,2.097986562605,0.06293959687815,0.009717641402764435,,,,,,,N
402,570.0,A.Fatawu,3.0,52.0,11.0,0.0,0.0,0.0,0.0,0.44916880364584016,2.2247408761325,0.0,0.0,,,,,,,N
403,571.0,Sávio,3.0,64.0,13.0,0.1275,0.0975,0.22500000000000003,0.6225,0.3379800557340571,2.9587029181099997,0.66570815657475,0.21039258469445055,,,,,,,N
404,573.0,Milenković,2.0,47.0,16.0,0.205,0.0025,0.2075,0.91,0.4101216819460298,1.9893029187008333,0.41278035563042287,0.37321073057088716,573.0,3.0,1.0,False,False,2.0,Y
405,576.0,Irving,3.0,48.0,19.0,0.0,0.0,0.0,0.0,0.5765179752735423,1.9725925063183334,0.0,0.0,,,,,,,N
406,577.0,Lindstrøm,3.0,51.0,8.0,0.0,0.013333333333333334,0.013333333333333334,0.09000000000000001,0.48596588454780715,2.329317238936875,0.031057563185824998,0.043736929609302644,,,,,,,N
407,580.0,Huijsen,2.0,44.0,3.0,0.03,0.02,0.05,1.5525,0.48313075312553994,1.92051863233125,0.0960259316165625,0.7500604942274007,,,,,,,N
408,584.0,Brereton Díaz,3.0,49.0,17.0,0.0,0.0025,0.0025,0.2775,0.4122796516735227,2.02466982259,0.005061674556475,0.11440760333940257,,,,,,,N
409,585.0,I.Sarr,3.0,59.0,7.0,0.38,0.065,0.44499999999999995,1.66,0.3924039726073756,2.85942161927,1.2724426205751498,0.6513905945282434,,,,,,,N
410,587.0,Summerville,3.0,56.0,19.0,0.08,0.1075,0.1875,0.7225,0.5765179752735423,1.9725925063183334,0.3698610949346875,0.4165342371351343,,,,,,,N
411,588.0,G.Rodríguez,3.0,48.0,19.0,0.02,0.0,0.02,0.35250000000000004,0.5765179752735423,1.9725925063183334,0.03945185012636667,0.20322258628392367,,,,,,,N
412,589.0,Füllkrug,4.0,67.0,19.0,0.0625,0.0275,0.09,0.5549999999999999,0.5765179752735423,1.9725925063183334,0.17753332556865,0.31996747627681593,,,,,,,N
413,590.0,Osula,4.0,49.0,15.0,0.0,0.005,0.005,0.0,0.4964717130338345,2.099656384196875,0.010498281920984376,0.0,,,,,,,N
414,594.0,Mazraoui,2.0,45.0,14.0,0.04,0.0175,0.057499999999999996,0.7625,0.6330750677459339,1.8677922239945832,0.10739805287968852,0.48271973915627453,594.0,2.0,1.0,False,False,2.0,Y
415,595.0,Gruda,3.0,54.0,5.0,0.0275,0.095,0.1225,0.54,0.5049359294736673,1.993011400645,0.24414389657901248,0.27266540191578037,,,,,,,N
416,596.0,Jota Silva,3.0,59.0,16.0,0.0275,0.13,0.1575,0.36250000000000004,0.4101216819460298,1.9893029187008333,0.31331520969538124,0.14866910970543584,,,,,,,N
417,597.0,Lewis-Skelly,3.0,45.0,1.0,0.0,0.03,0.03,0.445,0.47518095087430207,2.418295184445,0.07254885553335,0.21145552313906443,,,,,,,N
418,600.0,Ayari,3.0,50.0,5.0,0.1475,0.0575,0.205,0.7475,0.5049359294736673,1.993011400645,0.40856733713222493,0.37743960728156634,,,,,,,N
419,601.0,Moran,3.0,50.0,5.0,0.0,0.0,0.0,0.0,0.5049359294736673,1.993011400645,0.0,0.0,,,,,,,N
420,602.0,Trevitt,3.0,44.0,4.0,0.0,0.0,0.0,0.0,0.6681291324528429,1.6863001004858333,0.0,0.0,,,,,,,N
421,603.0,Armstrong,3.0,45.0,8.0,0.0,0.0,0.0,0.0,0.48596588454780715,2.329317238936875,0.0,0.0,,,,,,,N
422,604.0,King,3.0,45.0,9.0,0.0,0.015,0.015,0.0525,0.3656553324234515,3.0260199270568746,0.045390298905853124,0.019196904952231204,,,,,,,N
423,605.0,Godo,3.0,45.0,9.0,0.0,0.0,0.0,0.0125,0.3656553324234515,3.0260199270568746,0.0,0.004570691655293144,,,,,,,N
424,606.0,Alves,3.0,45.0,11.0,0.0,0.0,0.0,0.0,0.44916880364584016,2.2247408761325,0.0,0.0,,,,,,,N
425,607.0,O’Reilly,3.0,49.0,13.0,0.0,0.0,0.0,0.0,0.3379800557340571,2.9587029181099997,0.0,0.0,,,,,,,N
426,608.0,Dibling,3.0,45.0,17.0,0.045,0.0375,0.0825,1.285,0.4122796516735227,2.02466982259,0.167035260363675,0.5297793524004767,,,,,,,N
427,609.0,Lankshear,4.0,45.0,18.0,0.0,0.0,0.0,0.005,0.5285269848628942,1.27004472104875,0.0,0.0026426349243144714,,,,,,,N
428,610.0,Moore,3.0,45.0,18.0,0.0,0.0,0.0,0.0,0.5285269848628942,1.27004472104875,0.0,0.0,,,,,,,N
429,611.0,Szmodics,3.0,58.0,10.0,0.13,0.075,0.20500000000000002,1.4075000000000002,0.5138211626004927,2.1105224882925,0.43265711009996255,0.7232032863601936,,,,,,,N
430,612.0,Odobert,3.0,53.0,18.0,0.0,0.0,0.0,0.0,0.5285269848628942,1.27004472104875,0.0,0.0,,,,,,,N
431,613.0,Collyer,3.0,45.0,14.0,0.0,0.0,0.0,0.0,0.6330750677459339,1.8677922239945832,0.0,0.0,,,,,,,N
432,614.0,Metcalfe,3.0,45.0,8.0,0.0,0.0,0.0,0.0,0.48596588454780715,2.329317238936875,0.0,0.0,,,,,,,N
433,617.0,Evanilson,4.0,60.0,3.0,0.10500000000000001,0.1075,0.21250000000000002,1.0225,0.48313075312553994,1.92051863233125,0.40811020937039066,0.49400119507086454,,,,,,,N
434,618.0,Georginio,3.0,53.0,5.0,0.02,0.01,0.03,0.8150000000000001,0.5049359294736673,1.993011400645,0.05979034201935,0.41152278252103885,,,,,,,N
435,619.0,Cajuste,3.0,45.0,10.0,0.0125,0.0125,0.025,1.335,0.5138211626004927,2.1105224882925,0.05276306220731251,0.6859512520716577,,,,,,,N
436,620.0,Sosa,3.0,55.0,16.0,0.0,0.0,0.0,0.0075,0.4101216819460298,1.9893029187008333,0.0,0.0030759126145952238,,,,,,,N
437,621.0,João Félix,3.0,60.0,6.0,0.0,0.0,0.0,0.22,0.3665802721747495,2.662438397756875,0.0,0.08064765987844488,,,,,,,N
438,622.0,Berge,3.0,50.0,9.0,0.0,0.007500000000000001,0.007500000000000001,1.0925,0.3656553324234515,3.0260199270568746,0.022695149452926562,0.3994784506726208,,,,,,,N
439,623.0,M.Fernandes,3.0,50.0,17.0,0.0825,0.185,0.2675,1.8575,0.4122796516735227,2.02466982259,0.541599177542825,0.7658094529835684,,,,,,,N
440,625.0,Gündogan,3.0,65.0,13.0,0.0325,0.2,0.23249999999999998,1.135,0.3379800557340571,2.9587029181099997,0.6878984284605749,0.3836073632581548,,,,,,,N
441,629.0,O'Riley,3.0,55.0,5.0,0.0425,0.0475,0.09000000000000001,0.39249999999999996,0.5049359294736673,1.993011400645,0.17937102605805003,0.1981873523184144,,,,,,,N
442,630.0,O'Shea,2.0,41.0,10.0,0.015,0.017499999999999998,0.0325,2.205,0.5138211626004927,2.1105224882925,0.06859198086950626,1.1329756635340864,,,,,,,N
443,631.0,J.Clarke,3.0,54.0,10.0,0.0175,0.024999999999999998,0.0425,0.665,0.5138211626004927,2.1105224882925,0.08969720575243126,0.34169107312932767,,,,,,,N
444,632.0,Ogbene,3.0,49.0,10.0,0.0,0.0,0.0,0.0,0.5138211626004927,2.1105224882925,0.0,0.0,,,,,,,N
445,633.0,Merino,3.0,60.0,1.0,0.0375,0.04750000000000001,0.085,0.0675,0.47518095087430207,2.418295184445,0.20555509067782501,0.03207471418401539,,,,,,,N
446,634.0,G.Nunes,3.0,49.0,4.0,0.0,0.0,0.0,0.0,0.6681291324528429,1.6863001004858333,0.0,0.0,,,,,,,N
447,635.0,El Khannouss,3.0,48.0,11.0,0.0225,0.0425,0.065,1.76,0.44916880364584016,2.2247408761325,0.1446081569486125,0.7905370944166787,,,,,,,N
448,636.0,Chiesa,3.0,68.0,12.0,0.0,0.0,0.0,0.0,0.43890808488195165,1.8580845898249998,0.0,0.0,,,,,,,N
449,638.0,Oulad M'hand,3.0,45.0,1.0,0.0,0.0,0.0,0.0,0.47518095087430207,2.418295184445,0.0,0.0,,,,,,,N
450,642.0,André,3.0,50.0,20.0,0.0,0.015,0.015,0.6725,0.6328833477999897,1.97196072043375,0.02957941080650625,0.4256140513954931,,,,,,,N
451,644.0,Umeh-Chibueze,3.0,44.0,7.0,0.0,0.0,0.0,0.0,0.3924039726073756,2.85942161927,0.0,0.0,,,,,,,N
452,645.0,Devenny,3.0,45.0,7.0,0.0175,0.0225,0.04,0.13,0.3924039726073756,2.85942161927,0.1143768647708,0.05101251643895883,,,,,,,N
453,646.0,Agbinone,3.0,45.0,7.0,0.0,0.0,0.0,0.0,0.3924039726073756,2.85942161927,0.0,0.0,,,,,,,N
454,647.0,Rodney,3.0,45.0,7.0,0.0,0.0,0.0,0.0,0.3924039726073756,2.85942161927,0.0,0.0,,,,,,,N
455,648.0,Wheatley,4.0,45.0,14.0,0.0,0.0,0.0,0.0,0.6330750677459339,1.8677922239945832,0.0,0.0,,,,,,,N
456,650.0,Lacroix,2.0,45.0,7.0,0.17250000000000001,0.005,0.1775,1.6975,0.3924039726073756,2.85942161927,0.5075473374204249,0.66610574350102,,,,,,,N
457,651.0,Mangala,3.0,50.0,8.0,0.07,0.006666666666666667,0.07666666666666667,1.39,0.48596588454780715,2.329317238936875,0.17858098831849378,0.6754925795214519,,,,,,,N
458,652.0,Ugarte,3.0,49.0,14.0,0.0625,0.0875,0.15,0.6025,0.6330750677459339,1.8677922239945832,0.2801688335991875,0.38142772831692523,,,,,,,N
459,654.0,C.Soler,3.0,50.0,19.0,0.13,0.0775,0.20750000000000002,0.6875,0.5765179752735423,1.9725925063183334,0.4093129450610542,0.3963561080005603,,,,,,,N
460,655.0,Forbs,3.0,55.0,20.0,0.0,0.0,0.0,0.085,0.6328833477999897,1.97196072043375,0.0,0.053795084562999126,,,,,,,N
461,656.0,Young,3.0,45.0,2.0,0.0,0.0,0.0,0.0,0.3887056561105774,2.097986562605,0.0,0.0,,,,,,,N
462,659.0,Kabia,3.0,45.0,1.0,0.0,0.0,0.0,0.0,0.47518095087430207,2.418295184445,0.0,0.0,,,,,,,N
463,661.0,Yogane,3.0,45.0,4.0,0.0,0.0,0.0,0.0,0.6681291324528429,1.6863001004858333,0.0,0.0,,,,,,,N
464,665.0,Butler-Oyedeji,4.0,45.0,1.0,0.0,0.0,0.0,0.0,0.47518095087430207,2.418295184445,0.0,0.0,,,,,,,N
465,667.0,Fletcher,3.0,45.0,14.0,0.0,0.0,0.0,0.0,0.6330750677459339,1.8677922239945832,0.0,0.0,,,,,,,N
466,671.0,Wright,3.0,45.0,13.0,0.0,0.0,0.0,0.0,0.3379800557340571,2.9587029181099997,0.0,0.0,,,,,,,N
467,673.0,Fitzgerald,3.0,45.0,14.0,0.0,0.0,0.0,0.0,0.6330750677459339,1.8677922239945832,0.0,0.0,,,,,,,N
468,674.0,Maghoma,3.0,45.0,4.0,0.0,0.0025,0.0025,0.0275,0.6681291324528429,1.6863001004858333,0.004215750251214583,0.01837355114245318,,,,,,,N
469,676.0,Marsh,4.0,45.0,7.0,0.0,0.0,0.0,0.0,0.3924039726073756,2.85942161927,0.0,0.0,,,,,,,N
470,678.0,Bates,3.0,45.0,8.0,0.0,0.0,0.0,0.0,0.48596588454780715,2.329317238936875,0.0,0.0,,,,,,,N
471,679.0,Broggio,3.0,45.0,2.0,0.0,0.0,0.0,0.0,0.3887056561105774,2.097986562605,0.0,0.0,,,,,,,N
472,682.0,Edozie,3.0,45.0,20.0,0.0,0.0,0.0,0.0,0.6328833477999897,1.97196072043375,0.0,0.0,,,,,,,N
473,683.0,Olusesi,3.0,45.0,18.0,0.0,0.0,0.0,0.0,0.5285269848628942,1.27004472104875,0.0,0.0,,,,,,,N
474,687.0,Winterburn,3.0,45.0,3.0,0.0,0.0,0.0,0.0,0.48313075312553994,1.92051863233125,0.0,0.0,,,,,,,N
475,688.0,Nyoni,3.0,45.0,12.0,0.0,0.0,0.0,0.0,0.43890808488195165,1.8580845898249998,0.0,0.0,,,,,,,N
476,689.0,Williams-Barnett,3.0,45.0,18.0,0.0,0.0,0.0,0.0,0.5285269848628942,1.27004472104875,0.0,0.0,,,,,,,N
477,693.0,O'Brien-Whitmarsh,3.0,45.0,17.0,0.0,0.0,0.0,0.0,0.4122796516735227,2.02466982259,0.0,0.0,,,,,,,N
478,694.0,Cartwright,3.0,45.0,11.0,0.0,0.0,0.0,0.0,0.44916880364584016,2.2247408761325,0.0,0.0,,,,,,,N
479,695.0,Rak-Sakyi,3.0,45.0,6.0,0.0,0.0,0.0,0.0,0.3665802721747495,2.662438397756875,0.0,0.0,,,,,,,N
480,696.0,George,3.0,45.0,6.0,0.0,0.0,0.0,0.0,0.3665802721747495,2.662438397756875,0.0,0.0,,,,,,,N
481,698.0,Mubama,4.0,45.0,13.0,0.0,0.0,0.0,0.0,0.3379800557340571,2.9587029181099997,0.0,0.0,,,,,,,N
482,701.0,Orford,3.0,45.0,19.0,0.0,0.0,0.0,0.0,0.5765179752735423,1.9725925063183334,0.0,0.0,,,,,,,N
