,playerid,web_name,element_type,now_cost,team,minutes_x,expected_goals.gw,expected_assists.gw,expected_goal_involvements.gw,expected_goals_conceded.gw,ExcludeDef
0,1.0,Fábio Vieira,3.0,54.0,1.0,0.0,0.0,0.0,0.0,0.0,N
1,2.0,G.Jesus,4.0,68.0,1.0,16.214285714285715,0.062142857142857146,0.008571428571428572,0.07071428571428572,0.1742857142857143,N
2,3.0,Gabriel,2.0,61.0,1.0,77.71428571428571,0.12571428571428572,0.03571428571428571,0.16142857142857145,0.8928571428571429,N
3,4.0,Havertz,4.0,79.0,1.0,83.57142857142857,0.38642857142857145,0.08214285714285714,0.4685714285714285,0.977857142857143,N
5,6.0,J.Timber,2.0,57.0,1.0,67.85714285714286,0.04785714285714286,0.030714285714285715,0.07857142857142858,0.7064285714285715,N
6,7.0,Jorginho,3.0,47.0,1.0,20.714285714285715,0.002857142857142857,0.017857142857142856,0.020714285714285713,0.19714285714285712,N
8,9.0,Martinelli,3.0,67.0,1.0,53.42857142857143,0.15571428571428572,0.13214285714285715,0.28785714285714287,0.6185714285714285,N
9,10.0,Nelson,3.0,50.0,9.0,34.5,0.07642857142857143,0.06857142857142857,0.145,0.43785714285714283,N
10,11.0,Nketiah,4.0,59.0,7.0,35.857142857142854,0.07285714285714286,0.027857142857142858,0.10071428571428571,0.5642857142857143,N
11,12.0,Nwaneri,3.0,45.0,1.0,4.642857142857143,0.010714285714285716,0.013571428571428571,0.024285714285714282,0.05071428571428571,N
12,13.0,Ødegaard,3.0,83.0,1.0,41.857142857142854,0.12642857142857142,0.12642857142857142,0.25285714285714284,0.39285714285714285,N
14,15.0,Raya,1.0,56.0,1.0,90.0,0.0,0.0007142857142857143,0.0007142857142857143,1.0014285714285716,N
15,16.0,Rice,3.0,62.0,1.0,72.28571428571429,0.058571428571428566,0.12571428571428572,0.1842857142857143,0.785,N
16,17.0,Saka,3.0,106.0,1.0,76.07142857142857,0.26785714285714285,0.35214285714285715,0.62,0.6807142857142858,N
17,18.0,Saliba,2.0,62.0,1.0,79.21428571428571,0.04928571428571428,0.04357142857142857,0.09285714285714285,0.812857142857143,N
18,19.0,Smith Rowe,3.0,55.0,9.0,72.0,0.15142857142857144,0.09071428571428572,0.24214285714285716,0.7978571428571428,N
19,20.0,Thomas,3.0,50.0,1.0,79.07142857142857,0.06714285714285714,0.06142857142857143,0.1285714285714286,0.8764285714285714,N
22,23.0,Trossard,3.0,68.0,1.0,55.642857142857146,0.17714285714285713,0.05357142857142857,0.2307142857142857,0.4828571428571428,N
26,27.0,Archer,4.0,50.0,17.0,54.57142857142857,0.29642857142857143,0.010714285714285714,0.3071428571428571,1.5121428571428572,N
27,28.0,Bailey,3.0,62.0,2.0,47.785714285714285,0.04142857142857143,0.15214285714285714,0.19357142857142856,0.6207142857142857,N
28,29.0,Barkley,3.0,52.0,2.0,29.214285714285715,0.07642857142857143,0.020714285714285716,0.09714285714285716,0.2885714285714286,N
29,30.0,Barrenechea,3.0,49.0,2.0,0.0,0.0,0.0,0.0,0.0,N
30,31.0,Buendia,3.0,52.0,2.0,2.642857142857143,0.0064285714285714285,0.0014285714285714286,0.007857142857142856,0.07928571428571429,N
32,33.0,Dendoncker,3.0,45.0,2.0,0.0,0.0,0.0,0.0,0.0,N
33,34.0,Diaby,3.0,65.0,2.0,0.0,0.0,0.0,0.0,0.0,N
35,36.0,Digne,2.0,47.0,2.0,74.42857142857143,0.038571428571428576,0.14928571428571427,0.18785714285714286,0.9771428571428571,N
36,37.0,Dobbin,3.0,50.0,2.0,0.0,0.0,0.0,0.0,0.0,N
37,38.0,Duran,4.0,58.0,2.0,24.857142857142858,0.2392857142857143,0.014285714285714287,0.25357142857142856,0.49642857142857144,N
40,41.0,Iling Jr,3.0,54.0,2.0,0.0,0.0,0.0,0.0,0.0,N
41,42.0,Kamara,3.0,50.0,2.0,11.642857142857142,0.0,0.002857142857142857,0.002857142857142857,0.18714285714285714,N
43,44.0,Konsa,2.0,44.0,2.0,71.5,0.024999999999999998,0.02428571428571429,0.04928571428571428,0.995,N
46,47.0,Martinez,1.0,50.0,2.0,86.78571428571429,0.0,0.0007142857142857143,0.0007142857142857143,1.1821428571428572,N
47,48.0,McGinn,3.0,52.0,2.0,56.857142857142854,0.09999999999999999,0.0842857142857143,0.1842857142857143,0.7771428571428572,N
51,52.0,Pau,2.0,44.0,2.0,83.57142857142857,0.017142857142857144,0.019285714285714288,0.03642857142857143,1.1649999999999998,N
52,53.0,Ramsey,3.0,54.0,2.0,45.142857142857146,0.04928571428571429,0.08357142857142859,0.13285714285714284,0.6728571428571428,N
53,54.0,Rogers,3.0,54.0,2.0,80.78571428571429,0.20928571428571427,0.13214285714285715,0.34142857142857147,1.0085714285714287,N
56,57.0,Tielemans,3.0,55.0,2.0,88.78571428571429,0.09642857142857143,0.2292857142857143,0.3257142857142857,1.2235714285714285,N
57,58.0,Watkins,4.0,89.0,2.0,76.92857142857143,0.5750000000000001,0.047142857142857146,0.6221428571428572,0.9371428571428572,N
59,60.0,Adams,3.0,49.0,3.0,24.5,0.05357142857142857,0.005714285714285714,0.05928571428571429,0.2764285714285714,N
60,61.0,Anthony,3.0,45.0,3.0,0.0,0.0,0.0,0.0,0.0,N
61,62.0,Brooks,3.0,49.0,3.0,9.071428571428571,0.014285714285714287,0.04785714285714286,0.062142857142857146,0.12928571428571428,N
62,63.0,Christie,3.0,49.0,3.0,61.857142857142854,0.04,0.06571428571428571,0.10571428571428572,0.7535714285714287,N
63,64.0,Cook,3.0,50.0,3.0,77.57142857142857,0.032857142857142856,0.12785714285714286,0.16071428571428573,1.0985714285714285,N
64,65.0,Enes Ünal,4.0,54.0,3.0,12.571428571428571,0.09428571428571429,0.01,0.10428571428571429,0.25142857142857145,N
65,66.0,Faivre,3.0,50.0,3.0,0.0,0.0,0.0,0.0,0.0,N
66,67.0,H.Traorè,3.0,45.0,3.0,0.0,0.0,0.0,0.0,0.0,N
68,69.0,Jebbison,4.0,45.0,3.0,1.8571428571428572,0.0,0.0,0.0,0.02428571428571429,N
69,70.0,Kerkez,2.0,47.0,3.0,84.78571428571429,0.016428571428571428,0.08499999999999999,0.10142857142857142,1.1642857142857144,N
70,71.0,Kluivert,3.0,55.0,3.0,59.642857142857146,0.3457142857142857,0.07142857142857142,0.41714285714285715,0.7492857142857143,N
73,74.0,O.Dango,3.0,50.0,3.0,34.92857142857143,0.1692857142857143,0.08071428571428572,0.25,0.43928571428571433,N
75,76.0,Philip,3.0,48.0,3.0,2.7857142857142856,0.0,0.032857142857142856,0.032857142857142856,0.045714285714285714,N
76,77.0,Scott,3.0,47.0,3.0,18.428571428571427,0.008571428571428572,0.012142857142857144,0.020714285714285716,0.2621428571428571,N
77,78.0,Semenyo,3.0,57.0,3.0,81.5,0.28785714285714287,0.15142857142857144,0.43928571428571433,1.122857142857143,N
78,79.0,Senesi,2.0,47.0,3.0,65.5,0.05785714285714285,0.03142857142857143,0.08928571428571429,0.8600000000000001,N
79,80.0,Sinisterra,3.0,49.0,3.0,14.5,0.07785714285714286,0.065,0.14285714285714285,0.24857142857142858,N
80,81.0,Smith,2.0,45.0,3.0,61.285714285714285,0.04285714285714286,0.004285714285714286,0.047142857142857146,0.687857142857143,N
81,82.0,Solanke,4.0,75.0,18.0,69.78571428571429,0.4107142857142857,0.049999999999999996,0.46071428571428574,1.1421428571428571,N
82,83.0,Tavernier,3.0,55.0,3.0,76.07142857142857,0.22,0.14714285714285716,0.3671428571428571,0.9207142857142857,N
84,85.0,Zabarnyi,2.0,44.0,3.0,90.0,0.02142857142857143,0.01,0.03142857142857143,1.1871428571428573,N
86,87.0,Brierley,3.0,45.0,4.0,0.0,0.0,0.0,0.0,0.0,N
87,88.0,Collins,2.0,45.0,4.0,90.0,0.12357142857142857,0.05714285714285715,0.1807142857142857,1.7442857142857144,N
88,89.0,Damsgaard,3.0,50.0,4.0,72.78571428571429,0.09785714285714286,0.17857142857142858,0.2764285714285714,1.3485714285714285,N
89,90.0,Dasilva,3.0,48.0,4.0,0.0,0.0,0.0,0.0,0.0,N
90,91.0,Flekken,1.0,45.0,4.0,90.0,0.0,0.0014285714285714286,0.0014285714285714286,1.7442857142857144,N
93,94.0,Janelt,3.0,49.0,4.0,80.5,0.03571428571428571,0.07928571428571429,0.115,1.4814285714285715,N
94,95.0,Jensen,3.0,53.0,4.0,34.07142857142857,0.015000000000000001,0.04214285714285714,0.05714285714285715,0.6471428571428571,N
96,97.0,Konak,3.0,45.0,4.0,1.2857142857142858,0.010714285714285714,0.0,0.010714285714285714,0.08714285714285715,N
97,98.0,Lewis-Potter,3.0,50.0,4.0,73.0,0.06285714285714286,0.12357142857142857,0.18642857142857142,1.4814285714285713,N
98,99.0,Mbeumo,3.0,76.0,4.0,89.64285714285714,0.27714285714285714,0.22,0.49714285714285716,1.679285714285714,N
100,101.0,Nørgaard,3.0,48.0,4.0,63.142857142857146,0.09214285714285715,0.013571428571428571,0.10571428571428572,1.1071428571428572,N
101,102.0,Onyeka,3.0,49.0,4.0,1.6428571428571428,0.0,0.0014285714285714286,0.0014285714285714286,0.04928571428571429,N
102,103.0,Peart-Harris,3.0,45.0,4.0,0.0,0.0,0.0,0.0,0.0,N
103,104.0,Pinnock,2.0,45.0,4.0,90.0,0.062142857142857146,0.04357142857142857,0.10571428571428572,1.7442857142857144,N
105,106.0,Schade,3.0,51.0,4.0,45.57142857142857,0.21785714285714283,0.030714285714285715,0.24857142857142858,0.7649999999999999,N
106,107.0,Thiago,4.0,59.0,4.0,4.071428571428571,0.0071428571428571435,0.0007142857142857143,0.007857142857142858,0.10285714285714286,N
107,108.0,Toney,4.0,73.0,4.0,0.0,0.0,0.0,0.0,0.0,N
109,110.0,Wissa,4.0,62.0,4.0,56.857142857142854,0.43714285714285717,0.028571428571428574,0.46571428571428575,0.9878571428571429,N
110,111.0,Yarmoliuk,3.0,44.0,4.0,16.071428571428573,0.021428571428571432,0.01,0.03142857142857143,0.45142857142857146,N
112,113.0,Adingra,3.0,52.0,5.0,23.142857142857142,0.04142857142857143,0.07,0.11142857142857143,0.3507142857142857,N
113,114.0,Baker-Boaitey,3.0,45.0,5.0,0.0,0.0,0.0,0.0,0.0,N
114,115.0,Baleba,3.0,50.0,5.0,54.5,0.07214285714285715,0.017857142857142856,0.09,0.9228571428571428,N
116,117.0,Buonanotte,3.0,50.0,11.0,63.0,0.22571428571428573,0.10571428571428572,0.33142857142857146,1.3257142857142856,N
117,118.0,Cozier-Duberry,3.0,45.0,5.0,0.0,0.0,0.0,0.0,0.0,N
118,119.0,Dahoud,3.0,49.0,5.0,0.0,0.0,0.0,0.0,0.0,N
120,121.0,Enciso,3.0,54.0,5.0,6.0,0.012142857142857144,0.011428571428571429,0.023571428571428573,0.05214285714285715,N
122,123.0,Ferguson,4.0,55.0,5.0,8.928571428571429,0.017857142857142856,0.0,0.017857142857142856,0.1757142857142857,N
123,124.0,Gilmour,3.0,50.0,5.0,6.928571428571429,0.005714285714285714,0.002857142857142857,0.008571428571428572,0.09428571428571429,N
124,125.0,Gross,3.0,65.0,5.0,0.0,0.0,0.0,0.0,0.0,N
125,126.0,Hinshelwood,3.0,50.0,5.0,59.92857142857143,0.05285714285714286,0.04857142857142858,0.10142857142857142,1.2035714285714287,N
126,127.0,I.Osman,3.0,50.0,5.0,0.0,0.0,0.0,0.0,0.0,N
128,129.0,João Pedro,4.0,59.0,5.0,37.0,0.15285714285714286,0.09071428571428572,0.24357142857142858,0.46214285714285713,N
129,130.0,Kozlowski,3.0,45.0,5.0,0.0,0.0,0.0,0.0,0.0,N
131,132.0,March,3.0,65.0,5.0,0.0,0.0,0.0,0.0,0.0,N
132,133.0,Mazilu,3.0,45.0,5.0,0.0,0.0,0.0,0.0,0.0,N
133,134.0,Milner,3.0,50.0,5.0,12.071428571428571,0.011428571428571429,0.010714285714285714,0.02214285714285714,0.14142857142857143,N
134,135.0,Minteh,3.0,51.0,5.0,29.785714285714285,0.05928571428571429,0.09214285714285715,0.15142857142857144,0.3657142857142857,N
135,136.0,Mitoma,3.0,66.0,5.0,84.57142857142857,0.2571428571428572,0.16214285714285714,0.4192857142857143,1.4635714285714287,N
136,137.0,Moder,3.0,44.0,5.0,0.2857142857142857,0.0,0.0,0.0,0.011428571428571429,N
137,138.0,O’Mahony,4.0,45.0,5.0,0.0,0.0,0.0,0.0,0.0,N
139,140.0,Peupion,3.0,44.0,5.0,0.0,0.0,0.0,0.0,0.0,N
140,141.0,Sarmiento,3.0,49.0,5.0,0.5714285714285714,0.0,0.0,0.0,0.0,N
142,143.0,Undav,4.0,55.0,5.0,0.0,0.0,0.0,0.0,0.0,N
143,144.0,Van Hecke,2.0,45.0,5.0,70.0,0.034999999999999996,0.045,0.08,1.0292857142857144,N
144,145.0,Veltman,2.0,45.0,5.0,68.28571428571429,0.005,0.07642857142857143,0.08142857142857143,1.0585714285714285,N
145,146.0,Verbruggen,1.0,45.0,5.0,77.14285714285714,0.0,0.0,0.0,1.4314285714285713,N
147,148.0,Welbeck,4.0,58.0,5.0,77.92857142857143,0.37857142857142856,0.030714285714285715,0.40928571428571425,1.4092857142857143,N
148,149.0,Wieffer,3.0,47.0,5.0,25.857142857142858,0.02214285714285714,0.009285714285714286,0.03142857142857143,0.5614285714285715,N
149,150.0,Andrey Santos,3.0,45.0,6.0,0.0,0.0,0.0,0.0,0.0,N
150,151.0,Ângelo,3.0,45.0,6.0,0.0,0.0,0.0,0.0,0.0,N
155,156.0,Broja,4.0,54.0,8.0,0.5,0.0,0.004285714285714286,0.004285714285714286,0.0,N
156,157.0,Caicedo,3.0,49.0,6.0,88.21428571428571,0.027142857142857142,0.09714285714285713,0.12428571428571429,1.2435714285714285,N
157,158.0,Casadei,3.0,44.0,6.0,0.0,0.0,0.0,0.0,0.0,N
160,161.0,Chukwuemeka,3.0,48.0,6.0,0.0,0.0,0.0,0.0,0.0,N
161,162.0,Colwill,2.0,46.0,6.0,83.57142857142857,0.013571428571428571,0.05857142857142857,0.07214285714285715,1.1821428571428572,N
162,163.0,Cucurella,2.0,52.0,6.0,71.07142857142857,0.002857142857142857,0.08071428571428571,0.08357142857142856,0.9542857142857143,N
163,164.0,D.D.Fofana,4.0,54.0,6.0,0.0,0.0,0.0,0.0,0.0,N
164,165.0,Deivid,4.0,49.0,6.0,0.0,0.0,0.0,0.0,0.0,N
165,166.0,Dewsbury-Hall,3.0,55.0,6.0,4.0,0.0,0.0035714285714285718,0.0035714285714285718,0.08071428571428571,N
167,168.0,Enzo,3.0,51.0,6.0,62.642857142857146,0.10642857142857143,0.1407142857142857,0.24714285714285714,0.7078571428571429,N
168,169.0,Gallagher,3.0,59.0,6.0,0.0,0.0,0.0,0.0,0.0,N
172,173.0,Kellyman,3.0,44.0,6.0,0.0,0.0,0.0,0.0,0.0,N
173,174.0,Lavia,3.0,45.0,6.0,30.714285714285715,0.012857142857142857,0.019999999999999997,0.032857142857142856,0.6085714285714285,N
174,175.0,Lukaku,4.0,63.0,6.0,0.0,0.0,0.0,0.0,0.0,N
176,177.0,Madueke,3.0,63.0,6.0,66.28571428571429,0.3221428571428571,0.08357142857142856,0.40571428571428575,1.0278571428571428,N
177,178.0,Marc Guiu,4.0,47.0,6.0,1.7142857142857142,0.0,0.0,0.0,0.007857142857142858,N
178,179.0,Mudryk,3.0,62.0,6.0,10.357142857142858,0.017142857142857144,0.047142857142857146,0.0642857142857143,0.2342857142857143,N
179,180.0,N.Jackson,4.0,82.0,6.0,73.21428571428571,0.4821428571428572,0.038571428571428576,0.5207142857142857,1.0292857142857144,N
180,181.0,Nkunku,3.0,58.0,6.0,19.357142857142858,0.23214285714285715,0.018571428571428572,0.2507142857142857,0.37142857142857144,N
181,182.0,Palmer,3.0,111.0,6.0,86.28571428571429,0.5664285714285715,0.22,0.7864285714285714,1.2535714285714286,N
183,184.0,Renato Veiga,3.0,45.0,6.0,12.5,0.011428571428571429,0.010714285714285716,0.02214285714285714,0.16357142857142856,N
184,185.0,Sánchez,1.0,48.0,6.0,83.57142857142857,0.0,0.0007142857142857143,0.0007142857142857143,1.2007142857142856,N
185,186.0,Sterling,3.0,67.0,1.0,10.285714285714286,0.03642857142857143,0.0064285714285714285,0.04285714285714286,0.0992857142857143,N
187,188.0,Ugochukwu,3.0,45.0,17.0,14.857142857142858,0.015,0.004285714285714286,0.019285714285714288,0.4257142857142857,N
188,189.0,W.Fofana,2.0,44.0,6.0,72.5,0.02857142857142857,0.010714285714285714,0.03928571428571429,0.9992857142857143,N
189,190.0,Ahamada,3.0,45.0,7.0,0.0,0.0,0.0,0.0,0.0,N
191,192.0,J.Ayew,3.0,52.0,11.0,43.642857142857146,0.18071428571428574,0.024999999999999998,0.2057142857142857,0.9457142857142857,N
192,193.0,C.Doucouré,3.0,49.0,7.0,16.928571428571427,0.013571428571428571,0.002142857142857143,0.015714285714285715,0.36428571428571427,N
196,197.0,Ebiowei,3.0,45.0,7.0,0.0,0.0,0.0,0.0,0.0,N
197,198.0,Edouard,4.0,51.0,11.0,10.071428571428571,0.027857142857142858,0.005,0.032857142857142856,0.26571428571428574,N
198,199.0,Eze,3.0,66.0,7.0,67.78571428571429,0.22214285714285714,0.125,0.34714285714285714,0.9485714285714285,N
199,200.0,Guéhi,2.0,45.0,7.0,90.0,0.08928571428571429,0.02642857142857143,0.1157142857142857,1.4149999999999998,N
200,201.0,Henderson,1.0,44.0,7.0,90.0,0.0007142857142857143,0.0,0.0007142857142857143,1.4149999999999998,N
202,203.0,Hughes,3.0,49.0,7.0,50.57142857142857,0.03,0.04285714285714286,0.07285714285714286,0.83,N
204,205.0,Kamada,3.0,51.0,7.0,44.0,0.04,0.03642857142857143,0.07642857142857143,0.7357142857142858,N
205,206.0,Lerma,3.0,48.0,7.0,41.07142857142857,0.012857142857142857,0.05357142857142857,0.06642857142857142,0.4757142857142857,N
206,207.0,Mateta,4.0,72.0,7.0,73.0,0.31642857142857145,0.04214285714285715,0.3585714285714286,1.1292857142857142,N
207,208.0,M.França,3.0,44.0,7.0,0.0,0.0,0.0,0.0,0.0,N
209,210.0,Mitchell,2.0,48.0,7.0,86.42857142857143,0.024285714285714282,0.09,0.1142857142857143,1.3728571428571428,N
210,211.0,Muñoz,2.0,47.0,7.0,83.85714285714286,0.17071428571428574,0.04857142857142858,0.21928571428571428,1.332142857142857,N
211,212.0,Ozoh,3.0,45.0,7.0,0.0,0.0,0.0,0.0,0.0,N
212,213.0,Rak-Sakyi,3.0,45.0,7.0,0.0,0.0,0.0,0.0,0.0,N
213,214.0,Schlupp,3.0,47.0,7.0,6.071428571428571,0.009285714285714286,0.005714285714285714,0.015000000000000001,0.105,N
215,216.0,Wharton,3.0,47.0,7.0,44.357142857142854,0.015714285714285715,0.04285714285714286,0.058571428571428566,0.6707142857142857,N
216,217.0,A.Doucoure,3.0,51.0,8.0,63.714285714285715,0.03428571428571429,0.03142857142857143,0.06571428571428571,0.9685714285714286,N
217,218.0,Beto,4.0,50.0,8.0,12.785714285714286,0.11499999999999999,0.0,0.11499999999999999,0.23285714285714285,N
219,220.0,Calvert-Lewin,4.0,55.0,8.0,78.07142857142857,0.3085714285714286,0.03785714285714286,0.3464285714285715,1.125,N
221,222.0,Gana,3.0,49.0,8.0,69.92857142857143,0.058571428571428566,0.05,0.10857142857142857,1.0492857142857142,N
222,223.0,Garner,3.0,49.0,8.0,17.928571428571427,0.0035714285714285718,0.0035714285714285718,0.0071428571428571435,0.32071428571428573,N
223,224.0,Harrison,3.0,52.0,8.0,47.285714285714285,0.11214285714285714,0.060714285714285714,0.17285714285714285,0.8828571428571428,N
225,226.0,Iroegbunam,3.0,44.0,8.0,27.214285714285715,0.015000000000000001,0.005714285714285714,0.020714285714285716,0.5971428571428571,N
228,229.0,Maupay,4.0,49.0,8.0,0.0,0.0,0.0,0.0,0.0,N
229,230.0,McNeil,3.0,54.0,8.0,81.42857142857143,0.062142857142857146,0.28285714285714286,0.3442857142857143,1.2621428571428572,N
230,231.0,Mykolenko,2.0,43.0,8.0,72.5,0.02,0.03,0.05,1.0064285714285715,N
231,232.0,Ndiaye,4.0,54.0,8.0,76.64285714285714,0.07714285714285714,0.049999999999999996,0.12714285714285714,0.9507142857142857,N
232,233.0,Onana,3.0,49.0,2.0,50.285714285714285,0.11285714285714286,0.013571428571428571,0.12642857142857142,0.785,N
234,235.0,Pickford,1.0,49.0,8.0,90.0,0.0,0.0064285714285714285,0.0064285714285714285,1.325,N
235,236.0,Tarkowski,2.0,48.0,8.0,89.35714285714286,0.05285714285714286,0.075,0.12785714285714286,1.325,N
236,237.0,Y. Chermiti,4.0,49.0,8.0,0.0,0.0,0.0,0.0,0.0,N
237,238.0,Young,2.0,46.0,8.0,74.07142857142857,0.012857142857142857,0.09357142857142857,0.10642857142857143,0.9785714285714285,N
238,239.0,Adama,3.0,48.0,9.0,53.857142857142854,0.19785714285714287,0.14500000000000002,0.34285714285714286,0.665,N
239,240.0,Andreas,3.0,50.0,9.0,65.14285714285714,0.1842857142857143,0.17500000000000002,0.3592857142857143,0.6971428571428572,N
240,241.0,Bassey,2.0,45.0,9.0,90.0,0.02,0.008571428571428572,0.028571428571428574,1.1464285714285716,N
242,243.0,Cairney,3.0,48.0,9.0,12.071428571428571,0.002142857142857143,0.04642857142857142,0.048571428571428564,0.21714285714285714,N
245,246.0,Harris,3.0,45.0,9.0,0.0,0.0,0.0,0.0,0.0,N
246,247.0,Iwobi,3.0,57.0,9.0,86.42857142857143,0.13285714285714284,0.2307142857142857,0.36357142857142855,1.0692857142857144,N
247,248.0,Leno,1.0,50.0,9.0,90.0,0.0,0.0014285714285714286,0.0014285714285714286,1.1464285714285716,N
248,249.0,Lukić,3.0,48.0,9.0,49.92857142857143,0.0,0.02214285714285714,0.02214285714285714,0.5314285714285715,N
250,251.0,Muniz,4.0,55.0,9.0,30.714285714285715,0.11499999999999999,0.0064285714285714285,0.12142857142857143,0.4228571428571429,N
251,252.0,Raúl,4.0,55.0,9.0,58.5,0.34785714285714286,0.09428571428571429,0.4421428571428571,0.7221428571428571,N
253,254.0,Reed,3.0,47.0,9.0,3.857142857142857,0.0007142857142857143,0.0064285714285714285,0.007142857142857143,0.21142857142857147,N
254,255.0,Robinson,2.0,48.0,9.0,90.0,0.020714285714285716,0.11285714285714286,0.1335714285714286,1.1464285714285716,N
255,256.0,Stansfield,4.0,50.0,9.0,0.07142857142857142,0.0,0.0,0.0,0.04785714285714286,N
256,257.0,Tete,2.0,45.0,9.0,79.85714285714286,0.07285714285714286,0.023571428571428573,0.09642857142857143,0.9757142857142858,N
257,258.0,Vinicius,4.0,50.0,9.0,0.0,0.0,0.0,0.0,0.0,N
258,259.0,Wilson,3.0,52.0,9.0,15.071428571428571,0.06785714285714285,0.012857142857142857,0.08071428571428571,0.2885714285714286,N
259,260.0,Al-Hamadi,4.0,48.0,10.0,3.7142857142857144,0.0,0.002142857142857143,0.002142857142857143,0.05285714285714286,N
261,262.0,Broadhead,3.0,49.0,10.0,2.5,0.0,0.0,0.0,0.03142857142857143,N
263,264.0,Burns,3.0,48.0,10.0,40.57142857142857,0.021428571428571432,0.04928571428571429,0.07071428571428572,1.135,N
264,265.0,Chaplin,3.0,51.0,10.0,27.142857142857142,0.03642857142857143,0.022857142857142857,0.05928571428571429,0.6121428571428572,N
266,267.0,Davis,2.0,45.0,10.0,90.0,0.04214285714285714,0.21857142857142858,0.26071428571428573,2.0742857142857143,N
267,268.0,Delap,4.0,56.0,10.0,73.07142857142857,0.27214285714285713,0.010714285714285714,0.28285714285714286,1.5564285714285713,N
270,271.0,Harness,3.0,49.0,10.0,3.0714285714285716,0.0,0.0035714285714285718,0.0035714285714285718,0.09714285714285713,N
271,272.0,Hirst,4.0,54.0,10.0,12.428571428571429,0.055,0.0071428571428571435,0.062142857142857146,0.4642857142857143,N
272,273.0,Humphreys,3.0,45.0,10.0,0.0,0.0,0.0,0.0,0.0,N
273,274.0,Hutchinson,3.0,52.0,10.0,80.85714285714286,0.0642857142857143,0.07428571428571429,0.13857142857142857,1.6714285714285713,N
275,276.0,Ladapo,4.0,45.0,10.0,0.0,0.0,0.0,0.0,0.0,N
276,277.0,Luongo,3.0,44.0,10.0,10.214285714285714,0.0,0.0,0.0,0.3628571428571429,N
277,278.0,Morsy,3.0,49.0,10.0,83.07142857142857,0.020714285714285716,0.057857142857142864,0.07857142857142858,1.762857142857143,N
280,281.0,Taylor,3.0,48.0,10.0,13.785714285714286,0.023571428571428573,0.017857142857142856,0.04142857142857143,0.23285714285714287,N
284,285.0,B.Soumaré,3.0,44.0,11.0,27.214285714285715,0.0035714285714285718,0.02142857142857143,0.024999999999999998,0.6985714285714285,N
285,286.0,Cannon,4.0,45.0,11.0,0.0,0.0,0.0,0.0,0.0,N
286,287.0,Choudhury,3.0,43.0,11.0,1.0,0.0,0.0,0.0,0.07357142857142858,N
288,289.0,Daka,4.0,48.0,11.0,4.785714285714286,0.015000000000000001,0.0,0.015000000000000001,0.10714285714285714,N
289,290.0,De Cordova-Reid,3.0,52.0,11.0,14.0,0.0071428571428571435,0.005,0.012142857142857144,0.34500000000000003,N
290,291.0,Faes,2.0,41.0,11.0,85.71428571428571,0.06714285714285714,0.012857142857142857,0.08,1.9278571428571427,N
291,292.0,Golding,3.0,44.0,11.0,0.0,0.0,0.0,0.0,0.0,N
292,293.0,Hermansen,1.0,45.0,11.0,90.0,0.0,0.0007142857142857143,0.0007142857142857143,2.0571428571428574,N
294,295.0,Justin,2.0,44.0,11.0,83.0,0.03571428571428571,0.014285714285714287,0.049999999999999996,1.9828571428571427,N
295,296.0,Kristiansen,2.0,45.0,11.0,74.07142857142857,0.0,0.041428571428571426,0.041428571428571426,1.73,N
296,297.0,Marcal,3.0,45.0,11.0,0.0,0.0,0.0,0.0,0.0,N
297,298.0,Mavididi,3.0,52.0,11.0,47.785714285714285,0.07285714285714286,0.14285714285714285,0.21571428571428572,0.995,N
298,299.0,McAteer,3.0,47.0,11.0,12.785714285714286,0.03571428571428571,0.0035714285714285718,0.03928571428571429,0.3271428571428571,N
299,300.0,Ndidi,3.0,50.0,11.0,83.21428571428571,0.10928571428571429,0.08,0.18928571428571428,1.8335714285714286,N
305,306.0,Vardy,4.0,56.0,11.0,74.5,0.29714285714285715,0.08142857142857143,0.37857142857142856,1.8314285714285714,N
308,309.0,Winks,3.0,45.0,11.0,61.785714285714285,0.011428571428571429,0.08428571428571428,0.09571428571428572,1.1942857142857142,N
310,311.0,Alexander-Arnold,2.0,70.0,12.0,68.64285714285714,0.03214285714285715,0.24214285714285716,0.2742857142857143,0.6028571428571429,N
311,312.0,Bajcetic,3.0,45.0,12.0,0.0,0.0,0.0,0.0,0.0,N
313,314.0,Carvalho,3.0,47.0,4.0,23.0,0.1142857142857143,0.035,0.14928571428571427,0.7042857142857143,N
314,315.0,Clark,3.0,45.0,12.0,0.0,0.0,0.0,0.0,0.0,N
315,316.0,Darwin,4.0,71.0,12.0,44.214285714285715,0.14785714285714288,0.017142857142857144,0.165,0.6585714285714285,N
316,317.0,Diogo J.,3.0,72.0,12.0,35.142857142857146,0.19428571428571426,0.022857142857142854,0.21714285714285714,0.22428571428571425,N
317,318.0,Doak,3.0,45.0,12.0,0.0,0.0,0.0,0.0,0.0,N
318,319.0,Elliott,3.0,52.0,12.0,0.5714285714285714,0.0,0.0014285714285714286,0.0014285714285714286,0.0035714285714285718,N
319,320.0,Endo,3.0,47.0,12.0,1.4285714285714286,0.0,0.0007142857142857143,0.0007142857142857143,0.015714285714285715,N
320,321.0,Gakpo,4.0,71.0,12.0,43.785714285714285,0.16071428571428573,0.055,0.21500000000000002,0.5142857142857143,N
322,323.0,Gravenberch,3.0,50.0,12.0,88.28571428571429,0.044285714285714275,0.10214285714285713,0.1464285714285714,0.9078571428571429,N
323,324.0,Jones,3.0,53.0,12.0,40.285714285714285,0.13714285714285715,0.014285714285714287,0.15142857142857144,0.57,N
325,326.0,Konaté,2.0,52.0,12.0,69.57142857142857,0.06285714285714286,0.010714285714285714,0.07357142857142858,0.7085714285714285,N
326,327.0,Luis Díaz,3.0,74.0,12.0,56.214285714285715,0.22428571428571425,0.10285714285714286,0.3271428571428571,0.5142857142857143,N
327,328.0,M.Salah,3.0,134.0,12.0,87.64285714285714,0.7328571428571429,0.20857142857142857,0.9414285714285714,0.9542857142857143,N
328,329.0,Mac Allister,3.0,62.0,12.0,70.28571428571429,0.04071428571428572,0.11785714285714285,0.15857142857142859,0.7264285714285714,N
329,330.0,McConnell,3.0,44.0,12.0,0.0,0.0,0.0,0.0,0.0,N
330,331.0,Morton,3.0,44.0,12.0,0.0,0.0,0.0,0.0,0.0,N
334,335.0,Robertson,2.0,59.0,12.0,73.21428571428571,0.030714285714285715,0.12428571428571429,0.155,0.8264285714285714,N
335,336.0,Szoboszlai,3.0,63.0,12.0,67.64285714285714,0.1357142857142857,0.125,0.26071428571428573,0.6785714285714286,N
337,338.0,Van den Berg,2.0,41.0,4.0,70.92857142857143,0.04428571428571428,0.028571428571428574,0.07285714285714286,1.3928571428571428,N
338,339.0,Virgil,2.0,65.0,12.0,90.0,0.05785714285714285,0.02142857142857143,0.07928571428571429,0.9685714285714286,N
339,340.0,Akanji,2.0,53.0,13.0,71.85714285714286,0.024999999999999998,0.06357142857142857,0.08857142857142856,1.1328571428571428,N
341,342.0,Bernardo,3.0,63.0,13.0,78.85714285714286,0.16999999999999998,0.17500000000000002,0.34500000000000003,1.2742857142857142,N
342,343.0,Bobb,3.0,47.0,13.0,0.0,0.0,0.0,0.0,0.0,N
344,345.0,De Bruyne,3.0,95.0,13.0,33.714285714285715,0.14500000000000002,0.1842857142857143,0.3292857142857143,0.42214285714285715,N
345,346.0,Doku,3.0,62.0,13.0,37.5,0.04785714285714286,0.09428571428571429,0.14214285714285715,0.43785714285714283,N
346,347.0,Ederson M.,1.0,54.0,13.0,77.14285714285714,0.0,0.0007142857142857143,0.0007142857142857143,1.1307142857142858,N
347,348.0,Foden,3.0,91.0,13.0,44.857142857142854,0.09857142857142856,0.20214285714285715,0.3007142857142857,0.9757142857142858,N
348,349.0,Grealish,3.0,64.0,13.0,32.785714285714285,0.045714285714285714,0.08714285714285715,0.13285714285714284,0.5057142857142857,N
349,350.0,Gvardiol,2.0,61.0,13.0,80.14285714285714,0.10714285714285714,0.12857142857142856,0.2357142857142857,1.1328571428571428,N
350,351.0,Haaland,4.0,149.0,13.0,89.92857142857143,0.8685714285714285,0.05285714285714286,0.9214285714285715,1.4442857142857142,N
351,352.0,J.Alvarez,4.0,70.0,13.0,0.0,0.0,0.0,0.0,0.0,N
353,354.0,Kovačić,3.0,54.0,13.0,62.714285714285715,0.06999999999999999,0.09071428571428572,0.16,0.9485714285714286,N
354,355.0,Lewis,2.0,46.0,13.0,67.07142857142857,0.060000000000000005,0.04071428571428571,0.10071428571428571,1.1007142857142858,N
355,356.0,Matheus N.,3.0,49.0,13.0,24.785714285714285,0.0071428571428571435,0.09,0.09714285714285713,0.5007142857142857,N
356,357.0,McAtee,3.0,46.0,13.0,0.14285714285714285,0.0,0.0014285714285714286,0.0014285714285714286,0.0,N
358,359.0,Phillips,3.0,48.0,10.0,38.285714285714285,0.02214285714285714,0.015714285714285715,0.03785714285714286,0.8921428571428571,N
359,360.0,Rodrigo,3.0,63.0,13.0,4.642857142857143,0.0,0.0064285714285714285,0.0064285714285714285,0.002857142857142857,N
360,361.0,Rúben,2.0,54.0,13.0,64.71428571428571,0.045714285714285714,0.05071428571428572,0.09642857142857143,0.89,N
363,364.0,Amad,3.0,52.0,14.0,50.214285714285715,0.06714285714285714,0.08785714285714286,0.155,0.9042857142857142,N
364,365.0,Antony,3.0,57.0,14.0,2.7142857142857144,0.016428571428571428,0.0035714285714285718,0.019999999999999997,0.08857142857142856,N
365,366.0,B.Fernandes,3.0,84.0,14.0,83.85714285714286,0.2992857142857143,0.185,0.4842857142857143,1.295,N
367,368.0,Casemiro,3.0,48.0,14.0,53.07142857142857,0.06642857142857143,0.09785714285714286,0.16428571428571428,0.9514285714285714,N
368,369.0,Dalot,2.0,52.0,14.0,87.57142857142857,0.04785714285714286,0.07571428571428572,0.12357142857142857,1.5342857142857143,N
369,370.0,Eriksen,3.0,53.0,14.0,36.07142857142857,0.008571428571428572,0.07714285714285715,0.08571428571428572,0.6278571428571428,N
371,372.0,Garnacho,3.0,62.0,14.0,62.785714285714285,0.27142857142857146,0.04,0.31142857142857144,1.1007142857142858,N
372,373.0,Hannibal,3.0,45.0,14.0,0.0,0.0,0.0,0.0,0.0,N
374,375.0,Højlund,4.0,69.0,14.0,36.714285714285715,0.06642857142857142,0.012142857142857144,0.07857142857142858,0.6828571428571429,N
377,378.0,Mainoo,3.0,52.0,14.0,46.42857142857143,0.011428571428571429,0.045,0.05642857142857143,0.65,N
379,380.0,Martinez,2.0,44.0,14.0,69.71428571428571,0.057857142857142864,0.022857142857142857,0.08071428571428571,1.239285714285714,N
380,381.0,McTominay,3.0,49.0,14.0,1.2142857142857142,0.005,0.0,0.005,0.047142857142857146,N
381,382.0,Mount,3.0,63.0,14.0,15.428571428571429,0.02857142857142857,0.0035714285714285718,0.03214285714285715,0.2914285714285714,N
382,383.0,Onana,1.0,52.0,14.0,90.0,0.0,0.013571428571428571,0.013571428571428571,1.5371428571428571,N
383,384.0,Pellistri,3.0,50.0,14.0,0.0,0.0,0.0,0.0,0.0,N
384,385.0,Rashford,3.0,69.0,14.0,67.42857142857143,0.11214285714285714,0.09214285714285715,0.20428571428571426,1.0564285714285713,N
385,386.0,Sancho,3.0,62.0,6.0,28.428571428571427,0.017857142857142856,0.06928571428571428,0.08714285714285715,0.36214285714285716,N
387,388.0,Wan-Bissaka,2.0,46.0,19.0,77.42857142857143,0.045,0.060714285714285714,0.10571428571428572,1.6092857142857144,N
388,389.0,Zirkzee,4.0,66.0,14.0,40.785714285714285,0.19714285714285715,0.03071428571428572,0.22785714285714284,0.7000000000000001,N
390,391.0,Almirón,3.0,55.0,15.0,7.285714285714286,0.025714285714285714,0.01,0.03571428571428571,0.14785714285714288,N
391,392.0,Barnes,3.0,62.0,15.0,44.285714285714285,0.12357142857142857,0.10071428571428571,0.22428571428571428,0.8021428571428572,N
393,394.0,Bruno G.,3.0,61.0,15.0,88.78571428571429,0.06285714285714286,0.08642857142857142,0.14928571428571427,1.3485714285714285,N
394,395.0,Burn,2.0,44.0,15.0,83.57142857142857,0.04071428571428572,0.017142857142857144,0.05785714285714285,1.3078571428571428,N
396,397.0,Fraser,3.0,48.0,17.0,21.5,0.0014285714285714286,0.007142857142857143,0.008571428571428572,0.7228571428571428,N
397,398.0,Gordon,3.0,72.0,15.0,76.64285714285714,0.3507142857142857,0.15785714285714286,0.5085714285714286,1.1071428571428572,N
398,399.0,Hall,2.0,46.0,15.0,75.35714285714286,0.009285714285714286,0.12142857142857143,0.13071428571428573,1.0492857142857142,N
399,400.0,Hayden,3.0,44.0,15.0,0.0,0.0,0.0,0.0,0.0,N
400,401.0,Isak,4.0,87.0,15.0,69.0,0.3642857142857143,0.08928571428571429,0.4535714285714286,1.1085714285714285,N
401,402.0,J.Murphy,3.0,49.0,15.0,42.0,0.054285714285714284,0.09428571428571429,0.14857142857142858,0.5542857142857143,N
402,403.0,Joelinton,3.0,60.0,15.0,83.64285714285714,0.13,0.062142857142857146,0.19214285714285714,1.2785714285714285,N
405,406.0,Kuol,3.0,44.0,15.0,0.0,0.0,0.0,0.0,0.0,N
408,409.0,Livramento,2.0,45.0,15.0,69.78571428571429,0.0,0.02,0.02,1.072142857142857,N
409,410.0,Longstaff,3.0,47.0,15.0,41.642857142857146,0.03785714285714286,0.013571428571428571,0.05142857142857143,0.5964285714285714,N
410,411.0,Miley,3.0,50.0,15.0,0.0,0.0,0.0,0.0,0.0,N
412,413.0,Pope,1.0,50.0,15.0,90.0,0.0,0.0,0.0,1.3728571428571428,N
414,415.0,Schär,2.0,54.0,15.0,72.64285714285714,0.09357142857142857,0.04142857142857143,0.135,1.0114285714285713,N
416,417.0,Tonali,3.0,55.0,15.0,44.07142857142857,0.060714285714285714,0.02214285714285714,0.08285714285714285,0.6528571428571429,N
418,419.0,White,3.0,45.0,15.0,0.0,0.0,0.0,0.0,0.0,N
419,420.0,Willock,3.0,48.0,15.0,31.642857142857142,0.03642857142857143,0.037142857142857144,0.07357142857142858,0.455,N
420,421.0,Wilson,4.0,69.0,15.0,2.857142857142857,0.0,0.0,0.0,0.03642857142857143,N
421,422.0,Aina,2.0,49.0,16.0,85.21428571428571,0.007857142857142858,0.07714285714285715,0.08499999999999999,1.0357142857142858,N
422,423.0,Anderson,3.0,50.0,16.0,51.714285714285715,0.05285714285714286,0.08571428571428573,0.13857142857142857,0.6092857142857142,N
423,424.0,Awoniyi,4.0,55.0,16.0,14.071428571428571,0.03142857142857143,0.0064285714285714285,0.03785714285714286,0.17928571428571427,N
425,426.0,Bowler,3.0,45.0,16.0,0.0,0.0,0.0,0.0,0.0,N
427,428.0,Da Silva Moreira,3.0,44.0,16.0,2.0,0.0,0.0,0.0,0.02214285714285714,N
428,429.0,Danilo,3.0,47.0,16.0,1.0,0.0,0.0,0.0,0.02,N
429,430.0,Dennis,4.0,49.0,16.0,0.0,0.0,0.0,0.0,0.0,N
430,431.0,Dominguez,3.0,48.0,16.0,49.142857142857146,0.05142857142857143,0.019285714285714288,0.07071428571428572,0.75,N
431,432.0,Elanga,3.0,51.0,16.0,56.642857142857146,0.06142857142857143,0.10642857142857143,0.16785714285714287,0.7557142857142857,N
432,433.0,Gibbs-White,3.0,63.0,16.0,54.714285714285715,0.09785714285714285,0.09357142857142857,0.19142857142857145,0.6214285714285713,N
433,434.0,Hudson-Odoi,3.0,54.0,16.0,68.64285714285714,0.09071428571428572,0.08499999999999999,0.1757142857142857,0.6171428571428572,N
434,435.0,Mighten,3.0,45.0,16.0,0.0,0.0,0.0,0.0,0.0,N
435,436.0,Murillo,2.0,46.0,16.0,90.0,0.05642857142857143,0.03357142857142857,0.09,1.1057142857142856,N
438,439.0,O'Brien,3.0,50.0,16.0,0.0,0.0,0.0,0.0,0.0,N
441,442.0,Sangaré,3.0,44.0,16.0,15.142857142857142,0.0014285714285714286,0.004285714285714286,0.005714285714285714,0.14142857142857143,N
442,443.0,Sels,1.0,47.0,16.0,90.0,0.0,0.002857142857142857,0.002857142857142857,1.1057142857142856,N
445,446.0,Ui-jo,4.0,45.0,16.0,0.0,0.0,0.0,0.0,0.0,N
446,447.0,Wood,4.0,66.0,16.0,76.14285714285714,0.41000000000000003,0.013571428571428571,0.42357142857142854,0.88,N
448,449.0,Yates,3.0,49.0,16.0,73.64285714285714,0.115,0.023571428571428573,0.13857142857142857,0.9714285714285714,N
449,450.0,Alcaraz,3.0,49.0,17.0,0.6428571428571429,0.005,0.002142857142857143,0.0071428571428571435,0.0,N
450,451.0,Amo-Ameyaw,3.0,44.0,17.0,0.6428571428571429,0.0014285714285714286,0.009285714285714286,0.010714285714285714,0.0,N
451,452.0,Aribo,3.0,49.0,17.0,54.642857142857146,0.15714285714285717,0.062142857142857146,0.2192857142857143,1.7678571428571428,N
452,453.0,Armstrong,4.0,51.0,17.0,48.642857142857146,0.16857142857142857,0.029285714285714286,0.19785714285714287,1.1885714285714286,N
454,455.0,Bednarek,2.0,40.0,17.0,70.0,0.0007142857142857143,0.054285714285714284,0.055,1.645,N
457,458.0,Charles,3.0,45.0,17.0,0.0,0.0,0.0,0.0,0.0,N
458,459.0,Edozie,3.0,49.0,17.0,4.571428571428571,0.0,0.010714285714285714,0.010714285714285714,0.02214285714285714,N
460,461.0,Harwood-Bellis,2.0,41.0,17.0,74.21428571428571,0.08285714285714285,0.012142857142857141,0.095,1.7285714285714284,N
461,462.0,Kamaldeen,3.0,50.0,17.0,3.2142857142857144,0.0014285714285714286,0.0007142857142857143,0.002142857142857143,0.19571428571428573,N
462,463.0,Lallana,3.0,50.0,17.0,22.285714285714285,0.010714285714285716,0.03142857142857143,0.04214285714285714,0.4064285714285715,N
467,468.0,Mara,4.0,50.0,17.0,0.0,0.0,0.0,0.0,0.0,N
469,470.0,Onuachu,4.0,49.0,17.0,7.857142857142857,0.004285714285714286,0.0,0.004285714285714286,0.225,N
470,471.0,Smallbone,3.0,50.0,17.0,17.142857142857142,0.02214285714285714,0.038571428571428576,0.06071428571428572,0.35214285714285715,N
472,473.0,Stewart,4.0,44.0,17.0,9.285714285714286,0.012142857142857144,0.0014285714285714286,0.013571428571428571,0.18285714285714283,N
475,476.0,Walker-Peters,2.0,44.0,17.0,76.42857142857143,0.017142857142857144,0.075,0.09214285714285715,2.1585714285714284,N
479,480.0,Bentancur,3.0,49.0,18.0,38.0,0.05142857142857143,0.017857142857142856,0.06928571428571428,0.5885714285714286,N
480,481.0,Bergvall,3.0,44.0,18.0,4.428571428571429,0.005714285714285714,0.02,0.025714285714285714,0.11,N
481,482.0,Bissouma,3.0,49.0,18.0,46.785714285714285,0.022857142857142857,0.024999999999999998,0.04785714285714286,0.74,N
482,483.0,Bryan,3.0,50.0,18.0,0.0,0.0,0.0,0.0,0.0,N
484,485.0,Devine,3.0,45.0,18.0,0.0,0.0,0.0,0.0,0.0,N
488,489.0,Gray,3.0,46.0,18.0,10.142857142857142,0.002142857142857143,0.0014285714285714286,0.0035714285714285718,0.24642857142857144,N
489,490.0,Højbjerg,3.0,50.0,18.0,0.0,0.0,0.0,0.0,0.0,N
490,491.0,Johnson,3.0,67.0,18.0,76.64285714285714,0.5035714285714286,0.045714285714285714,0.5492857142857143,1.2635714285714286,N
491,492.0,Kulusevski,3.0,63.0,18.0,75.71428571428571,0.10928571428571429,0.18357142857142855,0.2928571428571428,1.2557142857142858,N
492,493.0,Lo Celso,3.0,49.0,18.0,0.0,0.0,0.0,0.0,0.0,N
493,494.0,Maddison,3.0,76.0,18.0,66.71428571428571,0.24357142857142858,0.28285714285714286,0.5264285714285715,1.0171428571428571,N
494,495.0,Pedro Porro,2.0,56.0,18.0,85.35714285714286,0.08285714285714285,0.10785714285714286,0.1907142857142857,1.3378571428571429,N
496,497.0,Richarlison,4.0,68.0,18.0,6.214285714285714,0.013571428571428571,0.034999999999999996,0.048571428571428564,0.04214285714285715,N
497,498.0,Romero,2.0,50.0,18.0,68.57142857142857,0.07357142857142858,0.05285714285714286,0.12642857142857142,0.9028571428571429,N
498,499.0,P.M.Sarr,3.0,48.0,18.0,47.714285714285715,0.049999999999999996,0.027142857142857142,0.07714285714285714,0.7442857142857143,N
499,500.0,Scarlett,4.0,45.0,18.0,0.0,0.0,0.0,0.0,0.0,N
500,501.0,Skipp,3.0,48.0,11.0,36.142857142857146,0.0035714285714285718,0.017142857142857144,0.020714285714285713,1.0292857142857144,N
501,502.0,Solomon,3.0,54.0,18.0,0.0,0.0,0.0,0.0,0.0,N
502,503.0,Son,3.0,98.0,18.0,60.642857142857146,0.15285714285714286,0.17857142857142858,0.3314285714285714,0.995,N
504,505.0,Udogie,2.0,49.0,18.0,84.57142857142857,0.02214285714285714,0.07357142857142858,0.09571428571428571,1.3785714285714286,N
506,507.0,Veliz,4.0,50.0,18.0,0.0,0.0,0.0,0.0,0.0,N
507,508.0,Vicario,1.0,49.0,18.0,77.14285714285714,0.0,0.0,0.0,1.0892857142857142,N
508,509.0,Werner,3.0,62.0,18.0,24.428571428571427,0.07428571428571429,0.07499999999999998,0.14928571428571427,0.45785714285714285,N
510,511.0,Álvarez,3.0,50.0,19.0,38.714285714285715,0.0064285714285714285,0.03142857142857143,0.03785714285714286,0.7721428571428571,N
511,512.0,Antonio,4.0,54.0,19.0,59.57142857142857,0.15714285714285717,0.06499999999999999,0.22214285714285714,1.2735714285714284,N
513,514.0,Bowen,3.0,74.0,19.0,88.35714285714286,0.20142857142857146,0.26571428571428574,0.46714285714285714,1.78,N
514,515.0,Cornet,3.0,47.0,17.0,5.071428571428571,0.011428571428571429,0.0,0.011428571428571429,0.12785714285714286,N
517,518.0,Downes,3.0,48.0,17.0,75.07142857142857,0.04214285714285715,0.07928571428571429,0.12142857142857143,1.8185714285714287,N
518,519.0,Earthy,3.0,45.0,19.0,0.0,0.0,0.0,0.0,0.0,N
519,520.0,Emerson,2.0,44.0,19.0,72.64285714285714,0.07857142857142858,0.09714285714285713,0.1757142857142857,1.5085714285714287,N
522,523.0,Ings,4.0,50.0,19.0,11.071428571428571,0.1464285714285714,0.0035714285714285718,0.15,0.14928571428571427,N
523,524.0,Kilman,2.0,45.0,19.0,90.0,0.06142857142857143,0.012857142857142857,0.07428571428571429,1.815,N
524,525.0,Kudus,3.0,62.0,19.0,52.857142857142854,0.21357142857142858,0.08499999999999999,0.29857142857142854,1.02,N
525,526.0,L.Guilherme,3.0,47.0,19.0,0.7857142857142857,0.0,0.0,0.0,0.009285714285714286,N
526,527.0,L.Paquetá,3.0,57.0,19.0,71.78571428571429,0.17642857142857143,0.07714285714285715,0.25357142857142856,1.5107142857142857,N
529,530.0,Souček,3.0,49.0,19.0,63.785714285714285,0.19357142857142856,0.052142857142857144,0.24571428571428572,1.2007142857142856,N
530,531.0,Ward-Prowse,3.0,62.0,16.0,28.142857142857142,0.004285714285714286,0.027857142857142858,0.03214285714285715,0.39571428571428574,N
532,533.0,Aït-Nouri,2.0,48.0,20.0,85.28571428571429,0.09,0.049999999999999996,0.13999999999999999,1.6878571428571427,N
533,534.0,B.Traore,3.0,48.0,20.0,0.0,0.0,0.0,0.0,0.0,N
534,535.0,Bellegarde,3.0,50.0,20.0,44.57142857142857,0.02,0.04071428571428572,0.060714285714285714,0.8535714285714285,N
536,537.0,Chiquinho,3.0,45.0,20.0,0.42857142857142855,0.0,0.0035714285714285718,0.0035714285714285718,0.0,N
537,538.0,Chirewa,3.0,45.0,20.0,0.0,0.0,0.0,0.0,0.0,N
538,539.0,Chiwome,4.0,45.0,20.0,0.0,0.0,0.0,0.0,0.0,N
539,540.0,Cundle,3.0,45.0,20.0,0.0,0.0,0.0,0.0,0.0,N
540,541.0,Cunha,4.0,71.0,20.0,82.5,0.23785714285714285,0.1692857142857143,0.40714285714285714,1.6314285714285715,N
541,542.0,Dawson,2.0,44.0,20.0,63.142857142857146,0.032857142857142856,0.005,0.03785714285714286,1.1942857142857142,N
543,544.0,Doyle,3.0,48.0,20.0,19.142857142857142,0.02,0.008571428571428572,0.028571428571428574,0.45642857142857146,N
544,545.0,Fábio Silva,4.0,50.0,20.0,0.0,0.0,0.0,0.0,0.0,N
545,546.0,Fraser,4.0,45.0,20.0,0.0,0.0,0.0,0.0,0.0,N
546,547.0,Gonzalez,3.0,44.0,20.0,0.0,0.0,0.0,0.0,0.0,N
547,548.0,Guedes,3.0,53.0,20.0,14.642857142857142,0.02857142857142857,0.017142857142857144,0.045714285714285714,0.53,N
549,550.0,Hee Chan,3.0,61.0,20.0,21.0,0.0,0.012142857142857144,0.012142857142857144,0.42357142857142854,N
550,551.0,Hodge,3.0,45.0,20.0,0.0,0.0,0.0,0.0,0.0,N
552,553.0,J.Gomes,3.0,49.0,20.0,85.07142857142857,0.049999999999999996,0.045714285714285714,0.09571428571428572,1.522142857142857,N
554,555.0,Kalajdžić,4.0,48.0,20.0,0.0,0.0,0.0,0.0,0.0,N
556,557.0,Mario Jr.,3.0,50.0,20.0,82.28571428571429,0.06928571428571428,0.05357142857142857,0.12285714285714286,1.682857142857143,N
558,559.0,N.Semedo,2.0,45.0,20.0,68.57142857142857,0.03571428571428571,0.04642857142857143,0.08214285714285714,1.4557142857142857,N
559,560.0,Neto,3.0,62.0,6.0,46.07142857142857,0.032857142857142856,0.09642857142857143,0.12928571428571428,0.6671428571428571,N
561,562.0,Podence,3.0,55.0,20.0,3.2857142857142856,0.002857142857142857,0.0007142857142857143,0.0035714285714285718,0.05,N
562,563.0,R.Gomes,3.0,52.0,20.0,18.928571428571427,0.004285714285714286,0.005,0.009285714285714286,0.4707142857142857,N
564,565.0,Sarabia,3.0,51.0,20.0,12.785714285714286,0.10214285714285713,0.03,0.13214285714285715,0.15928571428571428,N
565,566.0,Strand Larsen,4.0,57.0,20.0,83.21428571428571,0.25,0.03642857142857143,0.2864285714285714,1.575,N
566,567.0,Toti,2.0,43.0,20.0,64.5,0.002142857142857143,0.02214285714285714,0.02428571428571429,1.3585714285714285,N
567,568.0,Muric,1.0,44.0,10.0,83.57142857142857,0.0,0.0007142857142857143,0.0007142857142857143,1.885,N
568,569.0,Jaden,3.0,53.0,2.0,21.0,0.030000000000000002,0.0064285714285714285,0.03642857142857143,0.3307142857142857,N
569,570.0,A.Fatawu,3.0,52.0,11.0,41.142857142857146,0.029285714285714286,0.10142857142857142,0.13071428571428573,0.7857142857142857,N
570,571.0,Sávio,3.0,64.0,13.0,45.142857142857146,0.1285714285714286,0.21,0.3385714285714286,0.5171428571428571,N
572,573.0,Milenković,2.0,46.0,16.0,83.57142857142857,0.13857142857142857,0.03071428571428572,0.1692857142857143,1.0185714285714285,N
575,576.0,Irving,3.0,48.0,19.0,3.4285714285714284,0.002857142857142857,0.0,0.002857142857142857,0.10571428571428572,N
576,577.0,Lindstrøm,3.0,51.0,8.0,35.0,0.09999999999999999,0.05785714285714285,0.15785714285714286,0.38357142857142856,N
583,584.0,Brereton Díaz,3.0,49.0,17.0,31.071428571428573,0.0642857142857143,0.01,0.07428571428571429,0.7371428571428572,N
584,585.0,I.Sarr,3.0,57.0,7.0,53.142857142857146,0.145,0.15857142857142859,0.30357142857142855,0.7328571428571429,N
586,587.0,Summerville,3.0,57.0,19.0,36.714285714285715,0.0842857142857143,0.08928571428571429,0.17357142857142857,0.8492857142857143,N
587,588.0,G.Rodríguez,3.0,48.0,19.0,58.42857142857143,0.01,0.008571428571428572,0.018571428571428572,1.1142857142857143,N
588,589.0,Füllkrug,4.0,67.0,19.0,5.285714285714286,0.047857142857142855,0.0064285714285714285,0.054285714285714284,0.12357142857142857,N
589,590.0,Osula,4.0,49.0,15.0,0.7142857142857143,0.0,0.0,0.0,0.03428571428571429,N
592,593.0,De Ligt,2.0,50.0,14.0,71.0,0.08499999999999999,0.002142857142857143,0.08714285714285715,1.342142857142857,N
593,594.0,Mazraoui,2.0,47.0,14.0,75.5,0.015714285714285715,0.06785714285714287,0.08357142857142859,1.3728571428571428,N
594,595.0,Gruda,3.0,54.0,5.0,4.5,0.0,0.002142857142857143,0.002142857142857143,0.09,N
595,596.0,Jota Silva,3.0,59.0,16.0,28.928571428571427,0.029285714285714286,0.07214285714285715,0.10142857142857142,0.4257142857142857,N
596,597.0,Lewis-Skelly,3.0,45.0,1.0,1.0714285714285714,0.0,0.0,0.0,0.05714285714285715,N
599,600.0,Ayari,3.0,50.0,5.0,46.714285714285715,0.04928571428571429,0.06285714285714286,0.11214285714285714,0.7814285714285714,N
600,601.0,Moran,3.0,50.0,5.0,0.0,0.0,0.0,0.0,0.0,N
601,602.0,Trevitt,3.0,45.0,4.0,0.21428571428571427,0.0,0.0,0.0,0.0,N
602,603.0,Armstrong,3.0,45.0,8.0,0.14285714285714285,0.0,0.0,0.0,0.0,N
603,604.0,King,3.0,45.0,9.0,0.7142857142857143,0.0,0.0,0.0,0.004285714285714286,N
604,605.0,Godo,3.0,45.0,9.0,0.0,0.0,0.0,0.0,0.0,N
605,606.0,Alves,3.0,45.0,11.0,0.0,0.0,0.0,0.0,0.0,N
606,607.0,O’Reilly,3.0,49.0,13.0,0.0,0.0,0.0,0.0,0.0,N
607,608.0,Dibling,3.0,45.0,17.0,53.285714285714285,0.07357142857142858,0.06357142857142857,0.13714285714285715,1.3407142857142857,N
608,609.0,Lankshear,4.0,45.0,18.0,0.07142857142857142,0.0,0.0,0.0,0.0,N
609,610.0,Moore,3.0,45.0,18.0,5.857142857142857,0.002857142857142857,0.002142857142857143,0.005,0.06714285714285714,N
610,611.0,Szmodics,3.0,58.0,10.0,47.42857142857143,0.18857142857142858,0.01,0.1985714285714286,1.1442857142857144,N
611,612.0,Odobert,3.0,53.0,18.0,11.428571428571429,0.03,0.005714285714285714,0.03571428571428571,0.11642857142857142,N
612,613.0,Collyer,3.0,45.0,14.0,3.2142857142857144,0.0,0.0007142857142857143,0.0007142857142857143,0.07357142857142858,N
613,614.0,Metcalfe,3.0,45.0,8.0,0.0,0.0,0.0,0.0,0.0,N
616,617.0,Evanilson,4.0,61.0,3.0,73.53846153846153,0.43,0.05384615384615385,0.48384615384615387,0.8461538461538461,N
617,618.0,Georginio,3.0,55.0,5.0,58.61538461538461,0.19846153846153847,0.07384615384615385,0.2723076923076923,1.2307692307692308,N
618,619.0,Cajuste,3.0,45.0,10.0,36.23076923076923,0.006153846153846154,0.013846153846153845,0.02,0.9507692307692307,N
619,620.0,Sosa,3.0,55.0,16.0,10.76923076923077,0.06076923076923077,0.023076923076923075,0.08384615384615385,0.0776923076923077,N
620,621.0,João Félix,3.0,60.0,6.0,22.46153846153846,0.1423076923076923,0.02307692307692308,0.16538461538461538,0.26384615384615384,N
621,622.0,Berge,3.0,50.0,9.0,53.92307692307692,0.006153846153846154,0.02,0.026153846153846153,0.753076923076923,N
622,623.0,M.Fernandes,3.0,50.0,17.0,74.3076923076923,0.11538461538461539,0.07615384615384616,0.19153846153846155,2.0092307692307694,N
624,625.0,Gündogan,3.0,65.0,13.0,66.15384615384616,0.10923076923076923,0.11384615384615385,0.22230769230769232,1.2592307692307694,N
628,629.0,O'Riley,3.0,55.0,5.0,16.5,0.0575,0.05499999999999999,0.1125,0.22916666666666666,N
629,630.0,O'Shea,2.0,40.0,10.0,80.16666666666667,0.049999999999999996,0.006666666666666667,0.05666666666666667,1.7941666666666667,N
630,631.0,J.Clarke,3.0,55.0,10.0,39.083333333333336,0.0575,0.049166666666666664,0.10666666666666667,0.8675,N
631,632.0,Ogbene,3.0,49.0,10.0,19.75,0.0,0.004166666666666667,0.004166666666666667,0.19666666666666666,N
632,633.0,Merino,3.0,60.0,1.0,32.25,0.09416666666666668,0.02666666666666667,0.12083333333333333,0.32583333333333336,N
633,634.0,G.Nunes,3.0,49.0,4.0,0.0,0.0,0.0,0.0,0.0,N
634,635.0,El Khannouss,3.0,48.0,11.0,29.0,0.015833333333333335,0.06916666666666667,0.085,0.8233333333333334,N
635,636.0,Chiesa,3.0,68.0,12.0,1.5,0.013333333333333334,0.006666666666666667,0.02,0.04583333333333334,N
637,638.0,Oulad M'hand,3.0,45.0,1.0,0.0,0.0,0.0,0.0,0.0,N
641,642.0,André,3.0,50.0,20.0,51.916666666666664,0.005833333333333333,0.0075,0.013333333333333334,1.1208333333333333,N
643,644.0,Umeh-Chibueze,3.0,44.0,7.0,0.0,0.0,0.0,0.0,0.0,N
644,645.0,Devenny,3.0,45.0,7.0,15.416666666666666,0.03166666666666667,0.018333333333333337,0.049999999999999996,0.3533333333333333,N
645,646.0,Agbinone,3.0,45.0,7.0,0.3333333333333333,0.0016666666666666668,0.0008333333333333334,0.0025,0.0,N
646,647.0,Rodney,3.0,45.0,7.0,0.0,0.0,0.0,0.0,0.0,N
647,648.0,Wheatley,4.0,45.0,14.0,0.0,0.0,0.0,0.0,0.0,N
649,650.0,Lacroix,2.0,45.0,7.0,90.0,0.06727272727272728,0.03727272727272728,0.10454545454545454,1.3236363636363637,N
650,651.0,Mangala,3.0,50.0,8.0,52.90909090909091,0.035454545454545454,0.04454545454545455,0.08,0.6,N
651,652.0,Ugarte,3.0,49.0,14.0,38.63636363636363,0.0009090909090909091,0.004545454545454546,0.005454545454545454,0.6890909090909091,N
653,654.0,C.Soler,3.0,50.0,19.0,44.0,0.049090909090909095,0.04818181818181819,0.09727272727272727,0.9736363636363637,N
654,655.0,Forbs,3.0,55.0,20.0,18.818181818181817,0.01,0.00818181818181818,0.018181818181818184,0.5290909090909092,N
655,656.0,Young,3.0,45.0,2.0,0.0,0.0,0.0,0.0,0.0,N
658,659.0,Kabia,3.0,45.0,1.0,0.0,0.0,0.0,0.0,0.0,N
660,661.0,Yogane,3.0,45.0,4.0,0.0,0.0,0.0,0.0,0.0,N
664,665.0,Butler-Oyedeji,4.0,45.0,1.0,0.0,0.0,0.0,0.0,0.0,N
666,667.0,Fletcher,3.0,45.0,14.0,0.0,0.0,0.0,0.0,0.0,N
670,671.0,Wright,3.0,45.0,13.0,0.0,0.0,0.0,0.0,0.0,N
672,673.0,Fitzgerald,3.0,45.0,14.0,0.0,0.0,0.0,0.0,0.0,N
673,674.0,Maghoma,3.0,45.0,4.0,5.2,0.0,0.0,0.0,0.148,N
675,676.0,Marsh,4.0,45.0,7.0,0.0,0.0,0.0,0.0,0.0,N
677,678.0,Bates,3.0,45.0,8.0,0.0,0.0,0.0,0.0,0.0,N
678,679.0,Broggio,3.0,45.0,2.0,0.0,0.0,0.0,0.0,0.0,N
681,682.0,Edozie,3.0,45.0,20.0,0.0,0.0,0.0,0.0,0.0,N
682,683.0,Olusesi,3.0,45.0,18.0,0.0,0.0,0.0,0.0,0.0,N
686,687.0,Winterburn,3.0,45.0,3.0,0.0,0.0,0.0,0.0,0.0,N
687,688.0,Nyoni,3.0,45.0,12.0,0.0,0.0,0.0,0.0,0.0,N
688,689.0,Williams-Barnett,3.0,45.0,18.0,0.0,0.0,0.0,0.0,0.0,N
692,693.0,O'Brien-Whitmarsh,3.0,45.0,17.0,0.0,0.0,0.0,0.0,0.0,N
